id,price_id,date
1777,9569,2022-04-13
2698,20597,2022-01-05
1315,4394,2021-10-23
1446,11273,2022-07-17
2784,12007,2022-05-23
3105,19768,2021-11-14
3035,16965,2021-08-16
3316,15527,2021-09-06
2718,11460,2021-12-11
3539,21968,2022-02-28
2621,10774,2022-04-17
1596,9597,2022-01-13
891,6286,2022-04-29
1372,9666,2022-05-20
1480,5040,2021-10-01
1615,5594,2021-11-15
3000,22920,2022-03-30
2040,9502,2022-05-01
1895,7038,2022-06-25
3089,17510,2022-05-03
2230,8694,2021-08-29
2360,9345,2022-03-30
1424,5739,2022-02-09
1533,6301,2022-04-29
1536,14600,2021-09-24
441,1420,2021-12-07
1046,16105,2022-03-18
988,22200,2022-07-04
2968,21158,2022-05-07
1410,7972,2022-04-15
1089,3510,2022-03-24
209,710,2021-11-13
4059,27950,2022-06-12
3852,21679,2022-05-02
716,25010,2021-11-23
862,18917,2021-09-21
421,1351,2022-06-20
16,11599,2022-05-10
2327,9136,2021-08-01
4081,28927,2022-06-04
3101,20927,2022-03-24
3519,17607,2022-08-06
3560,18043,2022-07-05
3683,19195,2022-01-30
954,25075,2022-02-18
2386,28252,2022-02-05
1759,21811,2022-05-15
666,2161,2021-12-13
2644,14698,2021-08-30
2354,9301,2021-11-27
1874,6942,2021-11-30
2622,18810,2022-04-17
3718,21147,2021-12-04
3914,22892,2021-07-28
2712,11445,2021-10-10
2491,14678,2021-09-02
3719,25208,2021-12-04
90,13608,2022-04-15
2463,10017,2022-07-02
3488,17096,2022-06-28
1106,3569,2022-07-08
1903,7061,2022-06-05
419,3078,2022-03-29
3668,27098,2022-01-07
66,286,2022-06-03
1832,21141,2022-06-06
765,2525,2021-11-16
2455,16936,2021-09-22
357,3890,2021-12-27
1880,6974,2021-09-13
2382,9507,2021-10-20
166,24516,2022-06-16
520,14890,2022-02-22
212,711,2022-02-19
2075,25260,2021-11-27
1981,11674,2021-12-10
2681,12103,2022-04-19
2911,12705,2021-07-27
170,573,2021-09-08
2409,9712,2021-12-02
3770,20514,2021-11-28
1540,25154,2021-12-03
2368,9379,2021-08-19
1611,20234,2022-02-05
2060,21452,2021-09-20
3283,18457,2021-10-13
3218,15637,2022-03-17
3364,26517,2022-03-06
2448,27103,2022-04-30
2922,12760,2022-01-17
1580,5432,2021-10-26
1045,3372,2022-03-18
39,15734,2021-12-23
3463,16821,2022-06-03
162,539,2021-11-22
1028,3306,2022-01-26
101,10464,2021-10-14
3004,27421,2022-01-29
3947,23740,2021-12-27
1728,9271,2022-06-09
3800,20805,2021-09-22
2085,20771,2021-07-31
3782,22043,2022-01-05
1619,14811,2021-12-31
1518,12271,2022-06-13
2502,10117,2022-07-01
2055,28659,2022-06-13
624,18495,2021-12-10
3318,21573,2022-07-18
456,19617,2022-03-17
230,26423,2022-03-19
2899,12614,2021-07-28
2304,9033,2022-02-24
1576,12514,2022-06-10
1726,8939,2022-01-24
1022,3301,2022-03-18
3542,17909,2021-11-21
2500,16337,2021-10-28
3785,20645,2022-06-12
639,18820,2021-10-02
1195,3916,2022-05-22
3561,22063,2022-07-05
3859,21821,2021-09-09
1878,6955,2022-08-04
2869,25080,2022-06-13
247,6984,2021-09-05
2352,9291,2021-08-26
175,8935,2022-05-08
2719,11480,2021-11-22
4004,25709,2022-03-13
2465,25708,2021-12-20
770,2537,2021-12-04
438,1404,2022-02-12
3791,20676,2021-12-18
3701,19512,2022-06-23
2565,10393,2022-04-06
829,5008,2021-12-31
800,22813,2022-07-08
2868,22258,2022-06-13
720,2350,2021-09-16
401,5424,2022-01-28
832,26596,2021-09-12
2392,9581,2022-02-20
3086,13806,2022-04-18
3185,21672,2021-10-14
127,2077,2022-03-07
2697,11320,2022-01-05
1135,19140,2021-08-23
107,380,2021-09-27
849,2747,2021-07-28
2864,12368,2022-01-01
2545,20313,2022-02-27
469,1507,2021-12-25
2521,27151,2022-04-24
3970,28840,2021-11-29
1784,29363,2022-05-24
1617,5604,2021-12-31
735,2401,2022-01-26
138,20074,2022-07-26
1324,8514,2022-05-15
1268,15392,2022-06-21
1152,3751,2021-12-27
1457,24681,2022-07-02
251,5227,2022-02-24
1608,24795,2021-07-18
785,8892,2022-01-05
2009,24913,2022-07-21
2067,17582,2021-12-17
3123,14050,2021-12-30
2546,10313,2022-02-04
3710,19589,2022-01-27
1697,6230,2022-03-12
1809,28498,2022-06-16
124,6853,2021-10-17
1761,7568,2021-07-15
2904,14387,2022-01-31
2086,7962,2022-02-14
4010,25977,2021-08-03
3350,23162,2022-05-10
2092,26805,2021-07-24
537,1750,2022-07-11
4032,27075,2022-01-28
3999,25668,2021-09-30
3497,17290,2022-04-11
982,25695,2022-04-30
1671,5968,2021-11-02
2476,11068,2022-06-10
3482,17082,2022-03-24
418,1342,2022-03-29
747,2424,2022-06-01
3549,17970,2021-12-08
2713,25278,2021-10-10
528,1698,2021-11-22
2410,20253,2021-12-02
4080,29275,2021-09-20
2783,19205,2021-08-11
448,1436,2022-04-29
916,2910,2021-08-25
3621,24957,2022-01-28
2486,10087,2022-06-29
340,13878,2022-04-08
3066,13593,2021-10-04
2955,12873,2022-02-02
224,26438,2021-08-22
3478,17013,2022-05-09
2642,25282,2022-01-24
295,932,2022-06-30
2223,8654,2022-04-05
2128,16246,2022-01-22
901,16100,2022-05-24
1082,3502,2021-11-25
2361,9350,2022-06-03
1138,10904,2022-07-06
631,24651,2022-03-08
767,15094,2021-11-16
3210,14608,2021-08-17
87,8902,2021-08-28
3,24,2022-02-12
3357,17091,2021-09-03
3679,28115,2021-11-20
259,15740,2021-12-06
1732,6324,2021-08-30
2346,29840,2021-10-04
655,6084,2021-09-06
2751,11720,2022-01-21
2464,10020,2021-12-20
3057,16666,2022-06-20
2583,10540,2021-12-02
642,21673,2021-09-14
3579,18175,2022-04-25
1025,3304,2021-12-03
3292,28350,2022-03-09
3642,23217,2022-07-04
3655,20033,2021-12-18
2187,8491,2022-02-13
508,1644,2022-03-30
40,22465,2021-12-23
2201,17208,2022-05-21
3360,15878,2022-05-10
2109,8084,2021-09-24
3556,17985,2022-04-18
3750,20238,2022-05-08
1002,6459,2022-07-20
2071,8297,2022-02-17
3981,25086,2021-08-15
3693,19428,2021-09-26
3421,16404,2021-08-04
3069,27945,2022-07-03
1522,5252,2022-04-04
159,535,2022-05-01
3241,14836,2022-04-21
3633,18694,2022-02-05
125,28662,2021-10-17
3044,13399,2022-06-16
3076,20538,2021-10-15
3142,14175,2022-02-03
1294,4349,2021-10-11
1450,18277,2022-02-05
350,1137,2022-02-10
2044,7757,2022-02-15
3466,28436,2022-07-18
3797,26692,2022-01-19
3533,17771,2022-06-23
2702,11371,2021-11-19
1470,5011,2022-02-03
1064,25307,2022-07-03
328,23581,2021-11-29
2209,8585,2021-09-09
432,23641,2022-06-25
1548,5360,2021-08-30
429,13349,2022-06-02
3725,19814,2022-02-14
132,483,2021-10-07
1323,4409,2022-05-15
1159,10064,2021-12-11
2541,10295,2022-03-26
46,247,2022-05-28
905,19453,2022-03-04
997,26581,2021-12-24
3304,20306,2022-06-13
2893,12589,2021-11-12
1050,12780,2022-06-26
566,23936,2022-06-29
3685,22942,2022-05-02
3817,27404,2022-06-07
3320,15549,2022-05-14
1316,28348,2021-10-23
3599,18292,2022-03-03
2298,9027,2021-08-26
2964,17377,2022-01-07
371,13070,2022-04-21
2148,18054,2022-05-17
1727,6284,2022-06-09
3441,24021,2021-12-30
2266,17472,2021-12-02
1773,6491,2021-12-16
1906,7091,2021-08-29
2920,25737,2022-02-24
2334,9179,2022-01-06
336,1097,2022-05-08
3201,20076,2022-01-01
2674,11127,2021-10-08
3074,28326,2022-02-06
801,2610,2022-03-30
3722,26891,2022-01-31
2638,10845,2022-03-28
3027,18945,2022-06-25
17,100,2021-07-28
3776,24506,2022-04-19
158,529,2021-12-15
1407,4730,2022-06-11
2842,12236,2022-06-09
1620,5612,2022-02-15
1838,6794,2022-06-19
2389,28214,2022-01-19
841,2736,2021-08-02
3251,29740,2021-07-26
348,4175,2021-09-30
1936,7243,2022-02-06
475,1544,2022-05-24
1825,23275,2021-10-23
3367,15917,2022-06-13
3885,22262,2022-01-30
191,18975,2021-09-23
2325,9134,2022-02-05
420,14067,2022-03-29
558,1825,2022-06-01
2597,10657,2021-11-25
863,21289,2021-09-21
948,2992,2021-12-06
231,760,2022-04-25
1477,5029,2022-04-26
3472,16916,2021-08-17
1371,4608,2022-05-20
1325,4413,2022-04-16
3075,13699,2021-10-15
1801,21369,2022-08-08
1186,29039,2021-11-26
1972,13379,2022-04-11
2015,26291,2022-06-09
2323,16513,2021-10-21
2064,25155,2021-12-04
2562,10388,2022-03-28
1923,7188,2022-07-24
3007,24192,2021-11-28
71,3359,2021-12-03
3379,16029,2022-01-25
1516,27415,2022-07-14
2813,26161,2022-04-10
1362,19761,2022-05-21
1700,29522,2022-04-14
2326,19952,2022-02-05
2264,15113,2021-10-08
45,25602,2021-12-02
1713,6193,2021-11-03
789,2576,2021-12-01
3975,24854,2022-06-08
4050,27613,2021-09-20
3645,19992,2021-12-23
3537,20975,2022-03-01
724,24834,2022-05-08
2970,21598,2022-07-10
1985,7415,2022-06-09
3060,13535,2022-02-14
3433,16522,2022-05-20
3846,21555,2022-05-15
3832,29729,2021-10-08
2398,21636,2021-10-26
1436,4814,2022-05-25
3544,17917,2021-11-13
2070,7860,2022-02-17
2883,26802,2022-04-23
1841,6795,2021-10-11
15,1166,2022-05-10
3485,17095,2022-02-14
58,275,2022-01-21
827,4815,2022-06-18
609,8738,2021-11-20
3095,28830,2022-04-04
1856,17471,2022-03-03
2881,22025,2022-04-15
3714,23393,2022-05-12
2274,8871,2021-08-23
649,2075,2022-03-05
3789,20673,2022-01-02
3772,20536,2022-04-17
1078,17534,2022-04-10
1736,21298,2022-05-19
604,20519,2022-01-17
610,20838,2021-11-20
1787,18086,2022-01-04
2316,9090,2022-06-14
2947,12834,2021-12-06
2359,9340,2022-02-24
847,25510,2022-02-14
3486,18597,2022-02-14
2810,19673,2022-06-19
678,2192,2021-12-18
2053,7797,2022-06-13
3971,24719,2022-04-14
3181,14396,2022-08-24
2659,11035,2022-02-28
2226,8659,2021-07-23
408,1324,2022-05-03
3574,26614,2022-06-17
3294,23124,2021-10-01
3299,24137,2021-09-12
194,685,2022-02-02
3307,21909,2021-12-11
1373,4625,2021-08-31
1187,3869,2022-04-23
282,20465,2021-10-20
2228,9934,2021-12-20
3222,28291,2022-02-10
2779,11950,2021-10-05
1452,11859,2022-04-09
927,19189,2022-07-06
3928,27058,2021-10-20
2655,11025,2022-01-18
3254,27987,2021-10-06
846,2741,2022-02-14
215,717,2022-02-16
2077,7915,2021-08-29
3461,27707,2021-08-21
3662,18979,2022-06-20
265,12921,2022-03-08
692,2228,2021-08-08
3598,18291,2021-11-29
111,390,2022-02-19
1081,23195,2021-08-22
4060,28165,2022-06-12
3538,17816,2022-02-28
2238,12794,2022-01-25
1444,27790,2022-03-31
1190,3898,2021-10-01
2582,19657,2022-07-08
3631,18661,2021-12-03
3164,14255,2021-10-20
2862,28048,2022-01-25
3946,23721,2021-12-25
2310,9043,2021-11-25
2017,7601,2021-12-02
3517,17581,2022-01-18
2424,9760,2022-03-23
1438,9220,2022-05-25
886,25599,2021-09-18
217,726,2021-10-08
3331,20495,2021-09-09
1363,27536,2022-05-21
3246,14867,2021-10-04
2019,7618,2021-09-06
10,9321,2021-09-06
2413,13209,2022-01-21
1107,28009,2022-07-08
3835,28312,2022-06-07
1952,23666,2022-03-11
3528,25892,2022-06-11
1087,8132,2021-12-10
4001,25673,2021-11-10
875,2774,2022-04-26
1113,3590,2022-01-09
4082,28946,2022-07-14
809,2623,2021-08-19
1961,21992,2022-05-13
4043,27438,2021-11-22
1998,7494,2022-02-10
53,270,2022-05-07
1066,26736,2022-01-08
1420,9670,2021-12-10
2627,10807,2021-10-18
92,17867,2021-09-28
3120,14034,2021-12-18
3904,26174,2022-01-29
3696,26358,2021-08-01
2607,19894,2022-07-13
2167,20430,2022-07-22
192,633,2021-12-18
1844,6804,2022-04-08
3098,17437,2022-02-25
2378,23421,2022-06-22
1179,6826,2022-02-02
1541,5331,2021-11-15
3520,18867,2022-08-06
3442,16644,2021-12-07
1749,6389,2022-06-07
383,12987,2022-01-24
3734,21869,2021-11-29
2815,15226,2021-09-26
2299,19711,2021-08-26
1716,6201,2021-09-14
51,12046,2022-03-13
3040,13321,2021-11-12
1953,27523,2022-03-11
1374,15906,2021-08-31
1447,21896,2022-07-17
4053,27704,2021-11-27
270,844,2021-09-02
1592,5496,2022-01-06
3326,15555,2022-02-06
3352,25953,2021-12-31
3398,17696,2021-10-23
2876,14511,2021-12-02
2532,27381,2022-01-28
2772,29465,2022-01-28
1303,4365,2022-07-17
996,14971,2021-12-24
2210,8604,2022-06-18
536,28534,2022-06-19
409,1332,2022-02-05
3995,25530,2022-01-16
3958,24077,2022-06-23
3854,21720,2021-12-13
1879,27355,2022-08-04
3116,27716,2021-09-24
95,7004,2022-05-14
2032,7660,2022-03-16
810,9649,2021-08-19
2735,11595,2021-09-03
971,3114,2021-12-01
3516,27584,2021-10-12
4090,29456,2021-12-29
1486,18888,2022-05-14
909,10852,2021-08-11
2438,9879,2022-04-03
870,3978,2022-06-01
1737,6357,2021-11-30
3348,15742,2022-05-10
30,141,2021-12-26
3015,13166,2021-08-07
277,865,2021-12-30
382,2425,2022-01-24
2613,10742,2021-12-14
3728,19875,2021-10-02
257,823,2021-12-06
3122,25480,2021-12-18
2450,14657,2022-03-26
2558,26056,2022-02-13
442,27964,2021-12-07
2411,24908,2021-12-02
2855,12297,2022-03-09
2035,23272,2022-01-30
744,2421,2021-12-08
1180,18325,2022-02-02
2475,10054,2022-06-10
3505,17431,2021-08-12
276,29123,2022-06-19
1978,7376,2022-03-10
1807,6686,2022-06-16
3271,27423,2022-03-18
834,2726,2022-06-06
3268,15145,2022-03-15
3547,21345,2022-04-22
1432,4802,2021-09-27
2002,13190,2022-05-18
3901,27667,2021-08-20
229,25268,2022-03-19
3821,21078,2022-07-26
3276,15213,2021-09-13
2578,10504,2021-09-22
984,26866,2021-12-19
3738,19985,2021-11-11
2370,15315,2021-08-19
443,1431,2021-09-11
1344,6867,2021-10-18
1020,6308,2022-04-30
1812,6713,2022-07-06
344,13887,2022-01-11
1824,20634,2021-10-23
1990,7448,2022-08-01
1873,6933,2022-06-24
2372,14485,2022-02-07
3801,25952,2021-09-22
296,13951,2022-06-30
21,5131,2022-06-16
2025,7636,2022-05-16
3458,16762,2021-10-24
748,2635,2022-06-01
7,10880,2021-08-30
979,3123,2022-04-14
2639,10850,2022-01-08
1061,7964,2021-11-07
1559,5378,2021-10-25
56,271,2021-10-08
1143,3723,2022-05-26
1334,27656,2022-04-28
487,10964,2022-05-30
1595,5503,2022-01-13
12,2023,2022-06-02
915,7366,2022-02-24
3166,14276,2021-11-10
1434,11895,2022-06-14
3952,28724,2022-04-13
3161,18161,2022-08-02
2553,17366,2022-07-02
3833,21254,2022-06-07
3634,20013,2022-02-05
2260,8830,2021-11-12
1546,18410,2022-04-23
530,1732,2022-01-01
3434,17842,2022-05-20
3056,13501,2022-06-20
3798,20711,2021-12-09
715,2322,2021-11-23
2769,11827,2021-09-12
960,3049,2021-09-11
2535,21413,2022-06-26
3545,17923,2021-12-15
2377,13059,2022-06-22
1943,7365,2021-10-16
2517,18797,2022-04-21
740,2403,2022-03-03
1119,7333,2022-04-29
2439,9882,2022-05-26
816,2648,2021-11-20
1306,4369,2022-07-28
288,20939,2022-04-27
63,21881,2021-11-26
3317,15528,2022-07-18
236,773,2021-09-15
292,1807,2022-04-02
2518,10205,2022-05-27
1889,18957,2022-05-11
1642,29446,2021-12-11
2273,29724,2021-07-30
2703,29209,2021-11-19
2257,8787,2022-07-05
1487,24704,2022-05-14
1712,12965,2022-03-28
1887,25442,2021-12-31
1819,17761,2021-11-06
1366,4587,2021-10-24
1579,24685,2022-01-29
1703,6112,2021-11-07
1968,7347,2022-02-13
739,28759,2021-11-09
3992,25494,2022-02-25
668,2166,2021-12-14
3203,15324,2022-03-18
3310,26631,2021-09-22
1613,15846,2022-02-06
2033,10473,2022-03-16
921,2919,2022-04-12
94,346,2022-05-14
1030,3321,2022-01-19
3131,14095,2022-02-03
1514,5215,2022-07-14
593,16770,2021-12-04
267,843,2022-01-02
4058,27858,2021-11-28
3158,14213,2022-01-08
1358,4553,2022-04-10
1468,14488,2022-05-31
2633,15745,2022-02-01
710,2268,2022-02-09
972,13738,2021-12-01
1565,27702,2022-07-03
1888,6981,2022-05-11
3923,23209,2022-03-23
591,5470,2021-11-13
394,2283,2022-04-15
3197,23001,2022-08-02
3220,14652,2022-02-10
312,973,2021-07-27
3628,18659,2022-02-15
355,7788,2022-01-16
4021,26370,2022-05-07
2056,7804,2021-10-09
1054,3396,2021-11-02
2074,15512,2021-11-27
3400,21994,2021-12-01
3175,14604,2021-09-03
835,2728,2022-04-25
3903,22531,2022-01-29
3416,16376,2021-12-16
2059,7805,2021-09-20
1858,6880,2021-08-21
2337,9191,2022-05-13
1329,7670,2022-06-06
2381,22596,2021-10-19
2006,25665,2022-01-11
3536,17804,2022-03-01
1762,6468,2022-06-08
2907,27550,2022-07-03
360,23766,2022-06-27
1047,3378,2021-08-06
3622,18525,2022-01-15
2680,11157,2022-04-19
2829,17532,2022-07-14
3587,18229,2021-10-28
1441,10408,2021-11-18
388,1349,2021-10-11
65,9945,2022-05-26
583,18699,2022-04-12
1626,5630,2022-06-08
2048,22280,2021-09-24
85,340,2021-08-28
1168,15314,2022-05-16
4074,28620,2022-01-23
792,29617,2022-06-07
3736,19981,2022-04-13
1165,21281,2022-05-20
3409,16276,2022-01-15
2473,20181,2022-06-28
2985,17354,2022-01-27
1007,29332,2022-05-14
1848,6839,2022-01-21
3212,14961,2022-05-17
2151,8287,2022-03-13
1297,4359,2021-10-13
966,12263,2021-09-05
2143,8239,2022-05-16
354,1143,2022-01-16
549,7184,2021-08-14
3623,25609,2022-01-15
3713,20616,2022-05-12
1593,19708,2022-01-06
790,2597,2022-06-07
2988,12986,2021-11-24
3231,22125,2021-11-19
1969,12392,2022-02-13
823,2661,2022-01-03
2101,26306,2021-12-06
3897,22505,2021-11-21
313,988,2021-11-27
2347,9276,2021-11-03
59,25562,2022-01-21
1312,4386,2021-11-30
2272,9294,2021-07-30
941,12009,2022-03-16
1846,6811,2021-12-20
1314,25836,2021-11-30
3047,29279,2022-01-26
2331,17199,2022-05-13
1128,8368,2022-06-09
1775,20229,2021-12-16
1322,26065,2022-07-14
2137,16320,2021-08-30
1428,10056,2022-05-30
2284,8931,2022-02-12
2426,27709,2022-03-23
1562,5381,2021-09-13
3931,24126,2022-05-18
1360,28612,2022-04-10
3414,20379,2021-09-02
4042,27401,2022-05-22
3236,27904,2021-10-01
555,1823,2021-11-17
3905,22608,2022-06-28
3114,13986,2021-11-04
1602,13289,2021-12-14
174,594,2022-05-08
309,972,2021-09-15
1440,9783,2021-11-18
1529,5279,2021-08-24
2152,8294,2022-04-17
337,1284,2022-05-08
1109,16840,2022-04-28
91,343,2021-09-28
1750,7240,2022-06-07
1398,24689,2022-01-06
782,2559,2022-04-13
2142,25147,2021-09-15
3813,21009,2021-11-25
1653,27037,2022-08-06
2837,12216,2022-03-26
2435,23409,2022-02-24
334,11867,2022-07-08
1342,20980,2021-09-04
3196,14508,2022-08-02
1932,29766,2022-04-06
3609,21753,2021-07-21
2497,29174,2022-06-08
3462,16818,2022-01-11
3373,15929,2022-05-23
1670,28046,2021-11-09
998,3217,2022-05-08
2169,8385,2022-04-01
1687,7946,2022-07-06
1733,24789,2021-08-30
926,2930,2022-07-06
1405,5770,2021-08-10
2420,9730,2022-04-27
2280,9876,2022-01-11
3749,20157,2021-11-24
1991,16895,2022-08-01
1738,8291,2021-11-30
1015,22815,2021-08-31
1822,12334,2022-03-16
3224,14720,2022-04-11
3887,22327,2021-11-15
2773,11861,2022-05-25
3243,14862,2022-05-12
1830,27385,2021-11-24
1882,19882,2021-09-13
513,1663,2021-09-11
3335,29810,2022-04-04
1544,5342,2022-04-23
2513,10191,2021-11-26
522,1688,2022-02-13
516,1672,2021-09-07
4014,26040,2021-09-08
3199,14518,2022-03-01
3256,15030,2022-05-21
943,2983,2022-01-04
2940,12811,2021-10-30
1843,26883,2021-10-11
2812,23424,2022-04-10
4094,29838,2022-02-05
1502,9779,2022-06-16
696,10032,2021-08-29
2340,24290,2022-01-17
86,1092,2021-08-28
857,9408,2021-09-07
3646,18818,2022-01-13
3751,20250,2022-02-14
2107,8077,2021-12-19
3860,23961,2021-09-09
310,4615,2021-09-15
3402,16190,2022-03-04
1553,15769,2021-08-17
1075,6458,2021-09-01
2979,18588,2022-01-31
1001,3227,2022-07-20
3129,20512,2022-03-19
588,1952,2021-08-28
367,7233,2022-05-22
178,19328,2022-06-22
1816,14713,2021-12-24
3333,15612,2022-04-04
1983,7385,2022-01-19
1269,26024,2022-06-21
1029,8668,2022-01-26
590,1961,2021-11-13
856,3368,2021-09-07
208,26468,2022-06-11
3094,24176,2022-04-04
1781,25933,2022-06-18
3748,25627,2022-01-22
804,2611,2021-11-20
3476,17011,2022-08-10
1897,29086,2022-06-25
1588,24758,2021-12-25
1287,6368,2022-05-31
1108,3577,2022-04-28
1938,11197,2022-02-06
2757,11789,2022-05-11
1811,10405,2022-02-21
3554,28532,2022-07-16
4093,29627,2022-05-11
1521,14096,2021-11-28
2270,14220,2022-06-29
3582,18184,2022-07-01
1696,6083,2022-03-12
2654,20097,2022-05-26
2098,26972,2022-04-12
959,3042,2022-05-21
2916,12742,2022-05-26
2522,10255,2021-12-09
2736,26973,2021-09-03
2927,29032,2022-06-23
1796,20787,2022-03-23
1421,18233,2021-12-10
3412,28238,2022-01-15
1211,7858,2021-11-16
1041,3354,2021-09-08
1986,8880,2022-06-09
1688,16961,2022-07-06
3658,28463,2022-02-15
1965,7345,2021-12-08
622,2004,2021-12-10
64,281,2022-05-26
539,1752,2022-05-21
1215,22223,2021-12-18
3495,17255,2021-11-19
2140,26685,2022-03-12
2897,22938,2022-02-06
2371,9380,2022-02-07
2395,9623,2021-12-24
1311,26952,2022-02-10
3112,24844,2022-05-04
2709,27308,2021-07-25
2542,21285,2022-03-26
2895,12600,2022-02-06
2662,23203,2022-07-12
1225,6469,2021-11-09
2889,25223,2022-06-03
2012,13431,2021-12-30
1715,14942,2021-10-18
2673,22683,2021-09-05
3176,14341,2022-06-16
2993,19893,2021-07-27
1415,4762,2021-12-08
4030,26509,2022-06-07
2510,12876,2021-09-04
261,5547,2021-12-10
3140,15152,2022-02-18
241,5348,2021-11-16
1121,3644,2022-05-20
3113,13982,2022-01-29
433,1387,2022-06-15
1043,11165,2021-10-01
2261,24951,2021-11-12
2442,9911,2021-12-10
2212,20027,2022-06-18
1177,19597,2022-01-01
1170,3775,2022-04-24
2234,8699,2022-01-23
185,6971,2021-08-28
3766,20479,2022-07-02
321,12058,2022-05-10
3611,18480,2021-12-11
3580,22627,2022-04-25
452,14699,2022-04-16
2423,9744,2022-04-22
2105,17866,2021-09-25
2374,19533,2022-02-18
3910,22848,2021-12-08
1442,4861,2022-03-31
2396,15189,2021-12-24
62,1075,2021-11-26
455,1467,2022-03-17
3896,25612,2022-01-04
2265,8852,2021-12-02
2141,8227,2021-09-15
3325,15554,2022-06-03
2589,10758,2021-10-11
3709,19572,2022-05-09
2001,7499,2022-05-18
1949,7292,2021-10-01
1962,7343,2021-10-15
1783,8337,2022-05-24
1567,12952,2022-06-21
11,62,2022-06-02
2095,7988,2022-02-18
1948,11525,2021-10-10
2682,21830,2022-04-19
436,25745,2022-01-16
1431,7997,2021-09-20
3146,21512,2022-01-26
3184,14433,2021-10-14
3806,20832,2021-12-26
3525,26019,2021-12-28
3705,19544,2021-08-21
2657,11031,2022-06-23
2809,17378,2022-06-19
896,2847,2021-08-21
3103,13930,2021-11-14
290,2085,2021-09-03
1057,3422,2022-06-22
3059,29129,2022-04-26
918,26489,2021-08-25
1272,4270,2022-07-07
2536,10287,2022-03-04
2468,10044,2022-02-01
3053,13474,2021-09-26
2643,10935,2021-08-30
316,997,2021-12-21
151,519,2021-09-13
3933,23383,2022-03-07
1031,11229,2022-01-19
3135,14128,2021-12-12
1894,27382,2021-12-12
116,27717,2022-02-03
2775,11898,2021-11-16
2651,10984,2022-02-12
1778,19452,2022-04-13
254,812,2021-08-07
2537,29224,2022-03-04
3443,16648,2022-05-14
1080,9239,2021-08-22
1789,12878,2022-03-30
3227,14730,2021-09-24
1851,6848,2022-04-02
37,18536,2022-01-14
581,1918,2022-01-07
279,870,2022-07-09
2896,15156,2022-02-06
200,11235,2022-04-07
4087,29205,2022-02-09
3612,23033,2021-12-11
1049,3383,2022-06-26
1973,14459,2022-04-11
2171,24600,2022-04-01
1907,11817,2021-08-29
2061,25710,2021-09-20
1950,12880,2021-10-01
1021,24775,2022-04-30
3382,25166,2022-05-01
300,12212,2022-06-15
2110,25470,2021-09-24
3950,29926,2022-01-27
133,1902,2021-10-07
761,8524,2022-01-11
562,1857,2022-05-01
2692,11255,2021-12-06
2701,22083,2021-12-17
3978,24973,2021-10-29
99,359,2021-10-14
2288,26780,2021-11-16
3503,17672,2022-04-10
950,18351,2021-10-01
2302,14434,2022-03-21
2853,12290,2021-12-18
606,22027,2021-12-06
1855,6865,2022-03-03
1852,6852,2022-05-17
3641,18765,2022-07-04
1625,24962,2021-11-05
3605,25904,2021-12-26
48,9552,2022-05-28
491,24975,2022-01-07
2543,28522,2022-03-26
794,18343,2021-08-14
3314,15843,2022-05-08
550,12220,2021-08-14
3546,17934,2022-04-22
864,2764,2021-10-11
2011,7570,2021-12-30
1285,21557,2021-12-23
2912,23166,2021-07-27
3667,19010,2022-01-07
3226,28464,2022-05-16
3868,22002,2022-01-23
4054,27771,2022-02-09
1743,6371,2022-01-05
220,729,2022-04-19
3802,20809,2022-05-22
799,5474,2022-07-08
3371,15922,2022-05-12
2956,17864,2022-02-02
1606,5566,2021-07-18
2146,8258,2022-05-17
3237,14822,2022-03-11
1202,3932,2022-01-30
2428,20600,2021-10-02
3669,27944,2022-01-07
705,20048,2022-06-20
2203,8565,2022-07-08
569,17956,2021-12-20
1519,15647,2022-06-13
1774,13151,2021-12-16
3469,24233,2021-09-12
3173,26294,2022-02-02
1237,4091,2021-12-12
3454,16725,2022-06-26
3967,24577,2022-07-13
4011,25980,2021-09-04
2778,11908,2022-05-19
3883,22174,2022-01-26
4051,27631,2021-12-19
3504,25020,2022-04-10
2205,8566,2022-01-17
3900,22528,2021-08-20
2198,10452,2022-08-11
1524,8686,2022-04-11
1681,6013,2021-12-02
3508,20603,2022-02-13
3577,18153,2021-07-05
953,3013,2022-02-18
3922,23116,2022-02-04
3291,17001,2022-03-09
2436,9846,2021-09-19
1679,13944,2021-12-09
1147,25071,2022-04-18
779,2549,2021-11-29
2891,14630,2022-01-19
597,1969,2021-12-09
1964,22307,2021-10-15
2453,9967,2021-09-22
859,10450,2022-08-08
172,574,2022-03-30
2686,24917,2022-05-23
2986,12976,2021-09-17
2339,9235,2022-01-17
865,11630,2021-10-11
3270,22047,2022-03-18
216,27905,2022-02-16
1307,4514,2022-07-28
4069,28272,2021-08-11
2818,23454,2022-05-17
1471,19504,2022-02-03
41,213,2021-11-28
3424,16420,2021-12-15
2232,27684,2021-08-29
2571,11821,2021-12-21
2790,12049,2022-01-07
221,736,2022-07-08
2355,9373,2021-11-27
1044,25360,2021-10-01
1877,6947,2022-03-25
775,23342,2022-05-15
2108,10060,2021-12-19
3108,16032,2021-11-22
3447,22325,2022-05-16
3727,19874,2021-08-22
898,17892,2021-08-21
3183,24793,2022-08-24
661,5854,2021-10-24
32,159,2021-11-27
2952,19914,2022-05-16
1220,10953,2021-10-21
248,29221,2021-09-05
3073,27545,2022-02-06
3783,20618,2022-02-05
2020,14854,2021-09-06
2225,27767,2022-04-05
3697,19482,2022-01-14
1791,13416,2022-06-06
2103,11502,2022-03-12
2949,29685,2021-12-06
3792,22619,2021-12-18
3022,20375,2022-07-14
1542,22603,2021-11-15
3198,23269,2022-08-02
523,12789,2022-02-13
1058,13742,2022-06-22
2678,15249,2021-08-30
2474,23428,2022-06-28
2831,12184,2022-01-13
342,1101,2022-01-11
1564,21487,2022-07-03
3836,21266,2022-05-19
2527,14319,2022-02-17
620,11133,2021-09-08
103,18060,2022-01-19
3639,18720,2022-06-18
2119,27739,2022-06-06
2277,8887,2022-03-28
2034,7663,2022-01-30
3706,21490,2021-08-21
144,13958,2021-12-08
1013,3279,2021-08-31
24,7841,2021-11-11
2466,10041,2022-03-17
3764,20472,2022-05-26
651,8747,2022-03-05
3721,23028,2022-01-31
1004,3233,2021-12-08
3795,20704,2022-01-19
2872,12463,2022-05-29
1260,17733,2022-06-22
1308,13158,2022-07-28
400,1305,2022-01-28
1581,28584,2021-10-26
3830,26884,2021-08-05
2227,8670,2021-12-20
3788,24555,2022-01-21
2072,27680,2022-02-17
3043,13359,2022-06-16
249,798,2022-02-24
3774,21993,2022-01-17
1854,23801,2022-05-17
2139,8217,2022-03-12
415,1340,2021-12-25
1766,6591,2021-12-31
2972,14397,2022-02-01
2286,8976,2021-11-16
1144,18623,2022-05-26
3790,29392,2022-01-02
4036,26831,2022-03-24
3252,14985,2021-10-06
1599,20080,2022-05-21
3082,29365,2022-08-25
1055,15674,2021-11-02
504,1628,2022-07-18
575,20216,2022-01-22
965,3088,2021-09-05
3775,20557,2022-04-19
2866,19336,2022-01-01
3661,20432,2021-12-23
881,2782,2022-06-06
2052,23768,2021-11-30
1235,12239,2022-03-31
93,18076,2021-09-28
444,5048,2021-09-11
3081,13782,2022-08-25
2045,14542,2022-02-15
3590,18787,2022-04-05
2236,8713,2022-03-13
142,27247,2021-08-17
3571,22736,2022-01-15
233,12574,2022-04-25
2768,28697,2021-11-17
1630,8349,2021-12-28
3264,15129,2021-08-12
2560,15930,2022-05-21
8,50,2021-09-06
599,28581,2021-12-09
2967,16292,2022-05-07
2200,8563,2022-05-21
205,8925,2021-08-17
3023,13197,2022-06-29
544,9920,2022-03-18
29,21075,2022-01-10
737,27280,2022-01-26
2440,19890,2022-05-26
2358,22649,2022-05-10
3346,15741,2022-05-08
4071,28409,2022-07-13
2533,10286,2022-06-26
3853,21692,2021-12-01
3028,27624,2022-06-25
1597,24985,2022-01-13
2635,10841,2022-05-17
4076,28719,2022-03-28
3913,24641,2022-01-14
2214,19292,2022-02-13
1304,23322,2022-07-17
54,3297,2022-05-07
3208,28715,2022-07-25
564,1862,2022-06-29
447,3399,2022-02-12
412,1338,2021-11-20
1658,15454,2022-06-23
3553,25092,2022-07-16
49,248,2022-03-13
769,14603,2021-09-15
1019,3287,2022-04-30
1101,3553,2022-02-05
110,381,2022-02-16
498,26281,2021-10-15
1423,4935,2022-02-09
1818,12985,2021-11-06
3600,28692,2022-03-03
97,19316,2022-01-29
542,1793,2022-03-18
1038,3350,2021-08-13
830,17578,2021-12-31
4025,26412,2022-02-21
3456,24488,2022-06-26
2016,7589,2022-02-22
3907,22708,2021-07-15
2942,12815,2021-10-31
2777,23348,2021-11-16
102,362,2022-01-19
3427,16450,2021-08-23
1280,4297,2022-05-28
1400,4715,2022-04-14
2091,7976,2021-07-24
2750,28744,2022-03-10
1148,3742,2021-12-15
2294,9009,2021-08-17
3961,24231,2022-03-22
919,2917,2022-05-23
3777,20560,2022-05-14
3093,13840,2022-04-04
3281,15244,2021-10-13
3703,21606,2021-10-18
4064,28205,2022-07-25
3372,28930,2022-05-12
293,23137,2022-04-02
1723,6260,2022-03-10
3139,14138,2022-02-18
2144,20556,2022-05-16
3162,18635,2022-08-02
2010,7559,2021-11-07
1291,11353,2022-06-12
3470,16915,2022-06-07
3744,20136,2021-12-04
4006,25790,2021-11-22
2267,18235,2021-12-02
2189,17519,2022-02-13
3720,19702,2022-01-31
2763,22816,2022-04-23
3211,14644,2022-05-17
140,497,2021-08-17
291,914,2022-04-02
3354,15800,2022-06-09
3481,17032,2022-05-25
161,10492,2022-05-01
2196,16311,2022-05-21
1917,7163,2022-06-25
308,25411,2022-03-15
722,17899,2021-09-16
1607,18930,2021-07-18
676,2187,2021-10-18
27,27743,2022-03-08
2080,24907,2021-11-19
1256,4183,2021-10-07
1465,26904,2021-12-22
2971,12933,2022-02-01
1242,4117,2022-04-29
2322,9128,2021-10-21
2574,18083,2021-11-15
1604,18145,2021-10-21
1130,3675,2022-02-12
708,5817,2022-05-11
139,26776,2022-07-26
3915,22964,2021-10-09
3451,16722,2021-11-05
2446,9939,2022-04-30
78,308,2021-11-30
1788,6590,2022-03-30
1545,12377,2022-04-23
1648,6860,2022-06-01
333,1091,2022-07-08
1191,8894,2021-10-01
2579,10517,2022-01-04
2844,21827,2022-06-09
1711,6170,2022-03-28
3644,18801,2021-12-23
2523,10266,2022-08-12
1443,13781,2022-03-31
1639,17625,2022-05-29
3033,13245,2022-04-29
2292,8999,2021-08-21
3677,19103,2021-11-20
3209,14578,2021-11-25
2863,12356,2022-07-23
403,1308,2022-01-28
1472,21949,2022-02-03
1085,3507,2021-10-06
987,13921,2022-07-04
1011,3260,2022-03-18
3664,25638,2022-06-20
2394,24397,2022-02-20
1158,3765,2021-12-11
499,1615,2022-05-11
3340,23949,2022-03-10
2397,9656,2021-10-26
2118,15976,2022-06-06
1673,5980,2021-12-12
402,11334,2022-01-28
807,2612,2022-05-18
2798,12059,2022-04-25
1184,3839,2021-11-26
673,2186,2022-04-21
733,14416,2022-05-04
2078,12497,2021-08-29
2540,23176,2022-04-18
2761,11812,2022-04-23
434,6953,2022-06-15
2068,7851,2021-11-27
3087,14503,2022-04-18
346,21946,2022-06-17
2554,27342,2022-07-02
3358,20078,2021-09-03
4038,27059,2021-07-06
2441,24354,2022-05-26
2333,21645,2022-06-11
871,29381,2022-06-01
2191,8942,2021-09-30
4048,27580,2021-08-07
3527,22787,2022-06-11
387,1256,2021-10-11
423,22962,2022-06-20
3576,19134,2021-07-17
4019,29719,2022-02-04
1623,24187,2022-05-02
1122,22856,2022-05-20
2336,29801,2022-01-06
2400,9672,2022-03-13
2303,16983,2022-03-21
1074,3489,2021-09-01
3530,21143,2022-08-18
839,5016,2022-03-14
3186,28973,2021-10-14
1556,29594,2022-05-18
3826,21182,2021-08-06
560,5376,2022-03-09
1368,20123,2021-10-24
218,3973,2021-10-08
385,4691,2022-06-13
626,3412,2022-05-17
2178,8418,2022-07-31
3502,17405,2022-04-10
2608,10706,2021-08-26
585,1947,2022-01-08
1118,3637,2022-04-29
460,13561,2021-09-27
3515,27376,2021-10-12
3891,22364,2021-11-07
3678,19573,2021-11-20
3097,13916,2022-02-25
3742,20055,2022-03-02
2973,12938,2022-06-28
2586,25258,2021-12-01
4037,26923,2022-05-11
3674,19027,2022-03-24
1333,4460,2022-04-28
2508,26277,2022-02-09
991,3186,2021-10-11
2295,22435,2021-08-17
1511,5204,2021-11-28
1052,3388,2021-08-26
1474,9769,2021-12-17
2846,13316,2021-12-16
2716,17895,2022-06-29
3804,25390,2022-01-19
3838,21377,2022-06-13
104,369,2022-01-31
1037,24888,2021-11-09
1772,6485,2021-10-13
763,24243,2021-08-19
2042,7715,2021-08-23
3474,16925,2022-02-05
3262,22640,2022-04-28
3322,15551,2021-10-01
411,23350,2022-02-05
1935,27688,2022-08-11
2054,16527,2022-06-13
3699,24692,2022-01-14
2344,9253,2021-10-04
2634,16509,2022-02-01
2246,22069,2022-05-12
2675,11151,2022-03-31
2550,18105,2021-08-08
2969,12920,2022-07-10
1957,7334,2021-11-28
1836,8124,2021-12-19
2499,10106,2021-10-28
2918,22400,2022-05-26
88,341,2022-04-15
1293,4347,2022-03-27
3682,24227,2021-10-15
154,521,2021-08-19
1228,20149,2022-04-20
2290,25805,2021-09-03
2924,23967,2022-01-17
3420,22971,2022-03-31
628,15287,2021-09-11
80,23858,2021-11-30
1920,7165,2021-11-22
2923,20569,2022-01-17
3429,16458,2021-09-22
3805,27339,2022-01-19
143,499,2021-12-08
2383,18206,2021-10-20
3940,23453,2022-07-15
1753,18973,2022-07-23
753,2469,2021-08-11
2903,12629,2022-01-31
4020,26265,2021-11-14
2877,12489,2022-04-16
674,17197,2022-04-21
1662,6132,2022-05-12
3306,15455,2021-12-11
3080,28415,2021-11-22
660,2444,2021-10-24
3672,19023,2021-12-28
3780,20562,2022-05-04
3532,17762,2022-03-25
2725,11527,2022-07-09
2914,12708,2022-04-28
2443,20441,2021-12-10
20,103,2022-06-16
1690,28939,2022-04-12
1747,7927,2021-09-27
5,27388,2022-02-12
844,11814,2021-10-20
3671,22362,2021-09-09
3444,24653,2022-05-14
2489,13941,2021-12-11
2626,16306,2022-03-13
1655,5800,2021-10-29
3374,15960,2022-02-24
1951,7297,2022-03-11
2425,19367,2022-03-23
4000,28819,2021-09-30
2094,23993,2021-11-29
3096,13882,2021-12-09
2568,10409,2022-03-05
2399,24334,2021-10-26
1254,11420,2022-05-21
2506,10152,2022-02-09
1478,8548,2022-04-26
2239,26392,2022-01-25
930,27293,2022-01-31
533,1733,2021-12-28
2005,19353,2022-01-11
3511,17548,2021-12-07
2202,23838,2022-05-21
3249,14929,2021-07-26
2816,24727,2021-09-26
845,14071,2021-10-20
1097,3545,2022-01-25
2204,14097,2022-07-08
2711,12689,2022-08-14
1378,4648,2022-06-21
376,1233,2022-01-10
1313,6958,2021-11-30
2668,11096,2021-12-20
3550,21137,2021-12-08
939,8127,2022-06-09
3640,18739,2022-05-01
577,18919,2022-04-17
416,5784,2021-12-25
3061,16512,2022-02-14
2938,12810,2021-12-11
963,3070,2022-04-09
4085,29139,2021-09-13
150,18616,2021-08-28
2930,15336,2021-11-16
1667,26085,2022-03-24
2520,22667,2022-04-24
872,2768,2021-12-05
42,20467,2021-11-28
3479,22272,2022-05-09
2282,8930,2022-01-24
873,3276,2021-12-05
1659,5810,2021-10-11
2417,9728,2021-10-01
1382,7400,2022-01-19
2160,8341,2022-03-15
2343,9245,2022-04-17
3957,26585,2022-06-12
2900,12618,2021-07-29
706,29435,2022-06-20
34,9931,2022-06-04
2585,10541,2021-12-01
1357,13302,2022-03-18
2127,14635,2022-01-22
1686,6021,2022-07-06
1862,9292,2022-07-24
1309,4372,2022-02-10
1116,13622,2022-05-03
269,19811,2022-01-02
2670,20373,2021-12-20
3013,17178,2022-07-10
1111,5975,2022-06-14
2244,18545,2021-09-01
1719,21155,2022-07-07
3494,17206,2021-08-16
4084,29124,2022-06-17
1629,5670,2021-12-28
653,28472,2022-03-17
1099,3547,2021-09-14
3263,15111,2022-02-26
1557,5377,2021-11-28
302,27844,2021-10-18
3370,15920,2022-06-28
501,13904,2022-04-13
2276,8877,2022-05-20
136,17967,2022-04-06
3167,26041,2021-11-10
1391,21782,2022-03-17
1699,23674,2022-04-14
3529,17752,2022-08-18
2120,8159,2021-08-20
1839,7655,2022-06-19
3405,16212,2021-08-01
2572,20277,2021-12-21
2188,11131,2022-02-13
3843,21507,2021-11-16
3618,19308,2022-06-16
2936,12808,2022-03-18
82,15199,2022-06-29
3464,16877,2022-07-18
2672,19566,2021-09-05
947,14403,2022-02-04
2165,14136,2021-08-31
3496,22836,2021-11-19
43,245,2021-12-02
396,10394,2022-06-28
3428,28777,2021-08-23
4027,26421,2022-04-21
2953,12871,2022-05-02
2022,7627,2021-08-10
3068,13595,2022-07-03
406,1323,2021-12-16
325,29362,2022-04-29
3369,21594,2022-06-13
2552,10334,2022-07-02
518,9894,2021-09-07
2871,26122,2021-11-05
931,2950,2021-10-30
3207,14575,2022-07-25
2111,8121,2022-01-16
1120,3643,2022-06-25
3650,28691,2022-01-20
4072,28473,2022-04-06
616,2001,2022-03-15
815,24655,2021-08-28
4056,27808,2022-01-20
2014,13051,2022-06-09
413,2947,2021-11-20
2132,8194,2021-07-23
2208,8567,2022-04-30
1867,6920,2021-12-29
3858,24322,2021-10-24
2467,25035,2022-03-17
600,1980,2022-04-13
3987,25256,2022-01-17
1393,4681,2021-12-09
1587,10278,2021-12-25
1808,7918,2022-06-16
4008,25912,2022-04-30
2611,10740,2021-09-21
359,1163,2022-06-27
431,21259,2022-06-25
2197,8539,2022-08-11
3656,18941,2022-02-15
369,12505,2021-11-08
2477,28508,2022-06-10
1456,13657,2022-07-02
3620,18524,2022-01-28
1005,3246,2022-05-14
559,1835,2022-03-09
3315,18345,2022-05-08
2569,10455,2021-11-01
3418,25352,2021-12-16
3143,15831,2022-02-03
3730,19899,2022-07-09
1691,6053,2022-01-04
840,14611,2022-03-14
2880,15605,2022-04-15
1550,18642,2021-08-30
1853,15491,2022-05-17
2752,11989,2022-01-21
869,2766,2022-06-01
512,9988,2022-01-30
944,21180,2022-01-04
2345,9729,2021-10-04
2469,14383,2022-02-01
1741,24449,2021-10-13
1247,10314,2021-09-10
118,8621,2022-04-15
1997,28817,2022-06-15
893,2846,2022-06-05
2185,8453,2022-01-08
405,22289,2022-01-28
160,1859,2022-05-01
323,22461,2022-07-10
3760,20372,2022-05-17
3568,26652,2021-09-18
3752,20265,2022-04-27
3523,17684,2021-12-28
727,25654,2021-10-20
2555,10344,2022-03-02
621,19060,2021-09-08
2669,16831,2021-12-20
2898,12602,2022-06-17
1771,20566,2021-08-29
3850,29734,2022-06-21
2229,10726,2021-12-20
1982,7381,2021-12-14
3562,28739,2022-07-05
3583,18194,2022-01-29
3839,21398,2022-07-24
3257,21142,2022-05-21
702,2248,2021-08-24
1422,4771,2022-02-09
3219,23903,2022-03-17
497,1608,2021-10-15
1458,4946,2021-11-24
3812,24239,2022-01-15
3229,14751,2022-02-14
410,22096,2022-02-05
3535,19732,2022-05-26
152,3267,2021-09-13
825,2678,2022-01-17
3918,23020,2021-10-14
306,966,2022-03-15
632,2036,2022-01-18
1488,5060,2021-07-22
395,1298,2022-06-28
1977,15955,2021-07-12
2603,18129,2022-04-29
2685,21605,2022-05-23
3334,22775,2022-04-04
3925,25448,2022-03-31
572,15043,2021-09-07
1253,4178,2022-05-21
707,2263,2022-05-11
3687,19330,2022-04-20
3921,23115,2021-11-22
2402,9677,2021-07-23
3700,19486,2022-01-03
968,3097,2022-06-02
2217,11577,2022-02-19
1817,6725,2021-11-06
635,2056,2022-06-11
2661,18431,2022-07-12
1204,3934,2022-05-28
2830,23929,2022-07-14
2296,9010,2022-02-06
1734,6327,2021-11-20
3984,25171,2022-02-04
1484,15711,2022-04-28
1463,4973,2021-12-22
3695,19456,2021-08-01
1067,3463,2022-06-01
1481,28636,2021-10-01
2684,11174,2022-05-23
2978,12940,2022-01-31
1359,25102,2022-04-10
243,788,2022-03-24
1449,5416,2022-02-05
814,8767,2021-08-28
586,23073,2022-01-08
3233,14802,2022-01-18
4035,26765,2022-06-18
969,6748,2022-06-02
885,2812,2021-09-18
990,20731,2021-09-04
3426,20957,2021-11-11
2850,28599,2022-04-29
641,2418,2021-09-14
2224,22610,2022-04-05
1980,7380,2021-12-10
3355,23486,2022-06-09
3438,27687,2021-09-09
2976,13673,2021-09-27
2693,24385,2021-12-06
1601,5530,2021-12-14
1412,4740,2022-04-06
3769,29587,2022-03-31
914,6223,2022-02-24
3297,15425,2021-09-12
2795,12054,2021-12-23
2687,11180,2021-08-28
1685,16308,2021-07-19
2363,19375,2022-06-08
362,1171,2021-12-23
802,20481,2022-03-30
684,16940,2021-12-23
2753,16479,2022-01-21
1637,5704,2022-05-29
1845,6805,2021-11-04
1974,7357,2021-11-24
667,2163,2022-02-17
1900,7054,2022-06-10
1804,23764,2022-07-16
437,1402,2022-01-01
3873,22082,2021-11-10
895,25975,2022-06-05
353,12697,2022-02-28
2321,23736,2022-06-01
1016,3284,2022-05-25
936,27872,2022-03-04
1163,22822,2021-08-21
3814,28261,2021-11-25
1885,6978,2021-12-31
3362,29207,2022-05-10
327,2193,2021-11-29
3673,21607,2021-12-28
1649,17483,2022-06-01
2689,11185,2021-09-09
4026,29902,2022-02-21
2504,10129,2022-05-05
2652,27723,2022-02-12
156,523,2022-03-03
2925,12767,2022-06-23
1883,6976,2021-11-07
2744,29081,2021-12-22
3160,14229,2022-08-02
3691,19419,2022-03-22
1217,17168,2022-02-11
1828,6754,2021-11-24
283,886,2021-09-21
699,2246,2022-08-03
3522,17659,2022-02-18
1296,29546,2021-10-11
3149,21386,2022-01-14
1994,14804,2022-01-16
665,9487,2022-06-28
1493,13405,2022-05-26
672,26414,2022-06-27
571,1887,2021-09-07
704,2260,2022-06-20
1568,27986,2022-06-21
824,14738,2022-01-03
2159,11962,2021-10-05
2514,20062,2021-11-26
3707,19557,2022-03-15
1264,4192,2021-10-18
3895,22467,2022-01-04
2624,10800,2022-03-13
1577,5427,2022-01-29
2460,10008,2021-12-28
912,22135,2022-06-19
3567,18059,2021-09-18
545,1796,2022-07-01
2602,10676,2022-04-29
428,11309,2022-06-02
190,16837,2021-09-23
341,25853,2022-04-08
3165,22728,2021-10-20
188,18795,2021-10-30
146,501,2021-09-20
1621,8399,2022-02-15
1229,4049,2022-03-10
822,21242,2021-07-20
1188,20778,2022-04-23
1084,19466,2021-11-25
4012,26077,2021-09-04
924,2925,2022-03-19
177,598,2022-06-22
3266,22617,2022-01-06
2483,10081,2022-05-11
3437,21355,2021-09-09
1171,9035,2022-04-24
356,1152,2021-12-27
1861,6898,2022-07-24
2882,12529,2022-04-23
449,12786,2022-04-29
2859,12318,2021-11-01
3366,17063,2021-10-13
1403,17873,2022-01-07
1172,16329,2022-04-24
1017,12074,2022-05-25
973,23704,2021-12-01
1641,29280,2021-12-11
1683,21550,2021-12-02
3712,19635,2022-05-12
1305,28479,2022-07-17
2612,16926,2021-09-21
1636,12999,2022-01-14
304,13653,2021-12-26
4005,25763,2022-01-27
242,19422,2021-11-16
3493,17119,2021-12-26
3882,22163,2022-06-11
2822,29216,2022-02-05
478,1553,2021-11-30
658,15482,2021-12-02
1695,14340,2021-12-30
106,26376,2022-01-31
2036,7684,2021-07-22
2544,10301,2022-02-27
2786,12019,2022-02-05
568,8509,2021-12-20
2051,8636,2021-11-30
1500,5104,2021-10-22
2145,8255,2021-11-20
2309,25822,2021-11-13
888,2814,2022-05-21
579,1911,2021-07-15
2738,11598,2022-05-01
3865,21988,2021-12-07
3834,28308,2022-06-07
2739,11619,2022-06-28
4070,28303,2022-03-25
3781,20613,2022-01-05
3660,19936,2021-12-23
365,1175,2022-05-22
4018,26257,2022-02-04
3313,15519,2022-05-08
345,1102,2022-06-17
3308,15466,2021-09-22
2058,18981,2021-10-09
2854,20651,2021-12-18
2182,8426,2022-06-11
1571,5420,2021-08-18
1656,24679,2021-10-29
462,16703,2022-01-25
1473,5013,2021-12-17
2498,10101,2022-06-06
3828,28434,2021-08-06
1361,4570,2022-05-21
3890,22345,2022-04-20
3778,27007,2022-05-14
1689,6042,2022-04-12
1354,17926,2021-09-17
2794,26541,2022-01-29
2696,28561,2022-02-12
938,5884,2022-06-09
3601,18316,2022-06-16
928,2939,2022-01-31
3819,21784,2021-09-20
4061,27983,2022-02-24
2328,27085,2021-08-01
1060,3431,2021-11-07
3659,18962,2021-12-23
2341,9240,2022-04-05
3365,15902,2021-10-13
1233,5551,2022-04-03
2551,28860,2021-08-08
3344,15709,2021-12-26
36,3757,2022-01-14
3869,22024,2022-05-12
3944,23705,2021-10-23
1875,10248,2021-11-30
4044,28778,2021-11-22
2875,12466,2021-12-02
1346,4509,2021-09-13
98,29292,2022-01-29
976,3117,2022-02-08
3573,22205,2022-06-17
2113,25281,2022-01-16
1459,15821,2021-11-24
1555,10936,2022-05-18
2429,9786,2021-10-10
2,23511,2021-09-28
3431,28952,2021-09-22
1,22,2021-09-28
3172,14332,2022-02-02
637,24804,2022-06-11
535,13544,2022-06-19
677,7442,2021-10-18
1944,8486,2021-10-16
2255,8771,2022-03-21
263,835,2022-03-08
922,3102,2022-04-12
784,2562,2022-01-05
1003,29193,2022-07-20
2928,12768,2021-11-16
3403,27276,2022-03-04
1864,6910,2022-04-28
2199,17296,2022-08-11
2577,29316,2021-11-15
1794,6614,2022-03-23
3330,20172,2021-09-09
741,2405,2022-04-29
1634,5699,2022-01-14
1140,3713,2022-01-05
1414,14559,2022-04-06
256,15649,2021-10-17
2723,12219,2021-08-21
3134,14419,2022-07-01
1161,3767,2021-08-21
464,5529,2021-08-26
2941,24778,2021-10-30
2249,8748,2021-11-15
3148,21140,2022-01-14
2767,21468,2021-11-17
712,16224,2022-02-05
3037,13313,2021-09-03
79,7817,2021-11-30
1350,11600,2022-02-01
3841,21433,2022-06-30
2776,20986,2021-11-16
2353,19362,2021-08-26
2833,12189,2021-09-04
813,2640,2021-08-28
1651,6597,2022-06-06
454,1461,2022-06-06
771,3055,2021-12-04
3393,16106,2022-03-24
202,5051,2021-10-05
3643,28872,2022-07-04
4091,29507,2022-05-09
3555,17981,2021-11-10
3459,16765,2021-08-21
1622,5617,2022-05-02
1913,20010,2022-06-30
2931,12777,2022-06-08
3446,20068,2022-05-16
76,302,2021-07-12
1574,5422,2022-06-10
3849,21620,2022-06-21
999,3221,2021-12-27
2992,13021,2021-07-27
689,16879,2021-10-06
266,837,2021-12-15
3565,18058,2022-02-11
3401,24359,2021-12-01
1508,11317,2022-02-02
889,22088,2022-05-21
3526,17702,2022-06-11
2835,24993,2021-09-07
1799,29885,2022-04-13
1278,27694,2021-09-19
1251,17485,2021-12-05
173,7120,2022-03-30
1893,17730,2021-12-12
1644,5758,2021-10-23
573,16119,2021-09-07
2614,10748,2022-02-24
2220,29566,2022-02-06
2631,24762,2022-06-12
3152,24870,2022-03-23
246,792,2021-09-05
3145,20170,2022-01-26
2851,12284,2022-06-10
3715,19648,2021-10-19
3911,22858,2022-01-14
1929,18688,2022-05-06
2762,17369,2022-04-23
2591,10575,2021-11-24
187,2618,2021-10-30
4034,26708,2021-12-02
1196,23890,2022-05-22
3275,27953,2022-06-26
4049,27599,2021-10-25
1330,18805,2022-06-06
3284,15303,2021-10-30
817,2649,2022-04-07
1176,3783,2022-01-01
2184,26975,2022-06-11
1231,4078,2022-06-18
1476,5020,2022-02-06
223,740,2021-08-22
1203,7983,2022-01-30
2351,22809,2022-02-17
3309,23246,2021-09-22
1035,3328,2021-11-09
803,21978,2022-03-30
374,19869,2022-06-16
2163,8350,2021-08-31
2756,11786,2021-10-24
3884,29451,2022-01-26
623,5620,2021-12-10
1417,21171,2021-12-08
1091,29213,2022-03-24
2630,10818,2022-06-12
1798,23726,2022-04-13
1911,29713,2021-07-25
2580,12081,2022-01-04
3380,16039,2022-05-01
2742,11678,2021-12-22
1133,3699,2021-08-23
3009,13149,2021-08-05
961,10577,2021-09-11
3117,14025,2022-02-13
3888,22335,2021-11-15
3856,26260,2021-07-31
1905,26835,2021-11-12
1402,4719,2022-01-07
463,1495,2021-08-26
1320,4400,2022-07-14
2729,11571,2022-03-19
3991,28196,2022-03-28
1646,11926,2021-10-23
465,13918,2021-08-26
3588,20733,2021-10-28
2811,12120,2022-04-10
1635,12085,2022-01-14
582,1940,2022-04-12
2791,21517,2022-01-07
2495,10094,2022-06-08
4039,27061,2022-01-21
4088,29253,2022-04-19
534,1742,2022-06-19
2452,9944,2022-01-24
2494,19491,2022-06-21
3055,25336,2022-01-12
2501,28959,2021-10-28
903,2879,2022-03-04
3100,13920,2022-03-24
3651,18873,2021-07-25
764,28062,2021-08-19
427,1374,2022-06-02
2458,9985,2022-01-15
1429,18571,2022-05-30
732,2388,2022-05-04
685,18734,2021-12-23
55,6063,2022-05-07
1718,6205,2022-07-07
1525,13113,2022-04-11
3223,14668,2021-10-19
3773,20537,2022-01-17
1495,5086,2022-03-25
3608,19614,2021-07-21
425,6166,2022-02-25
2268,8858,2022-06-29
3179,15452,2022-01-24
4016,26226,2022-04-22
2726,16164,2022-07-09
760,2511,2022-01-11
3296,15416,2022-01-12
1389,21638,2021-12-15
736,21071,2022-01-26
1326,7779,2022-04-16
3988,25266,2021-12-16
3453,21293,2021-11-05
3126,14063,2021-07-16
3448,16719,2022-08-10
2233,8696,2021-08-16
1065,3452,2022-01-08
1094,6851,2021-11-18
2782,11997,2021-08-11
1746,6380,2021-09-27
2658,27249,2022-06-23
980,3145,2022-04-30
258,9600,2021-12-06
659,2136,2021-10-24
756,26009,2022-05-13
3406,21774,2021-08-01
2887,17847,2022-05-13
2421,19282,2022-04-27
250,2889,2022-02-24
2301,9028,2022-03-21
2915,12730,2021-11-09
821,8348,2021-07-20
2645,22328,2021-08-30
2281,24788,2022-01-11
322,1051,2022-07-10
2047,7772,2021-09-24
1409,4732,2022-04-15
2857,12302,2022-04-15
3997,25647,2021-12-31
3253,22851,2021-10-06
4062,29916,2022-02-24
2003,23994,2022-05-18
1185,9265,2021-11-26
3188,20317,2021-07-27
1810,6687,2022-02-21
490,11546,2022-01-07
2749,20736,2022-03-10
2734,20627,2022-05-19
2404,29869,2021-10-27
2636,21127,2022-05-17
4095,29946,2022-06-21
2065,7816,2021-12-17
1892,7028,2021-12-12
1189,22337,2022-04-23
1939,7253,2021-12-29
2939,26746,2021-12-11
2632,10820,2022-02-01
1332,4435,2022-04-28
3133,14107,2022-07-01
547,23352,2022-07-01
1652,5793,2022-08-06
75,21203,2022-01-28
669,22489,2021-12-14
3389,24217,2021-11-12
1259,4185,2022-06-22
1739,14345,2021-11-30
1100,15080,2021-09-14
4,25304,2022-02-12
2690,26501,2021-09-09
3676,19030,2022-01-14
2515,10202,2022-04-21
3758,20364,2021-08-19
1418,4767,2021-12-08
1369,4599,2022-06-26
3477,26150,2022-08-10
774,22825,2022-05-15
2427,9764,2021-10-02
4031,26516,2022-01-28
287,3266,2022-04-27
596,3063,2021-08-16
2138,8202,2022-01-29
372,13249,2022-04-21
3937,23429,2021-08-05
3234,14807,2021-10-01
2793,22646,2022-01-29
77,307,2022-02-03
3784,28084,2022-02-05
3163,14232,2021-08-11
1489,25811,2021-07-22
587,23289,2022-01-08
664,2142,2022-06-28
3964,24444,2022-05-01
718,16875,2022-05-24
1558,10879,2021-11-28
1566,5404,2022-06-21
2194,23127,2021-07-25
2948,23574,2021-12-06
3189,23054,2021-07-27
3359,15860,2021-07-29
900,12668,2022-05-24
3985,25206,2021-09-30
1904,7079,2021-11-12
3132,19524,2022-02-03
3390,24947,2021-11-12
3803,20811,2022-01-19
1657,5802,2022-06-23
22,13119,2022-06-16
1210,3997,2021-11-16
1996,25586,2022-06-15
2076,7909,2022-07-12
3467,16900,2021-09-12
108,17754,2021-09-27
899,2856,2022-05-24
2124,8182,2022-04-11
3415,20515,2021-09-02
3632,21419,2021-12-03
3156,17579,2021-10-18
1388,4668,2021-12-15
1757,6451,2022-05-15
1512,5334,2021-11-28
2084,8481,2021-07-31
3936,26074,2022-06-07
2097,8061,2022-04-12
1806,27318,2021-07-31
2222,18647,2022-01-15
26,24166,2022-03-08
324,1059,2022-04-29
721,12502,2021-09-16
225,757,2022-03-23
1569,5412,2021-11-08
3513,26734,2021-10-10
2609,18564,2021-08-26
1213,5829,2021-08-30
2434,19402,2022-02-24
4009,29613,2022-04-30
126,453,2022-03-07
540,7171,2022-05-21
2780,12557,2021-10-05
3670,19011,2021-09-09
1815,9096,2021-12-24
3351,15795,2021-12-31
2437,27839,2021-09-19
169,18173,2022-05-27
2664,15731,2021-09-11
3475,16993,2022-05-29
3343,18563,2022-06-05
1795,17148,2022-03-23
228,759,2022-03-19
1507,5127,2022-02-02
332,1090,2021-09-28
3191,14465,2022-04-22
1958,13206,2021-11-28
3825,23605,2021-11-13
1876,22757,2021-11-30
2308,10415,2021-11-13
2216,8631,2022-02-19
274,862,2022-06-19
680,26221,2021-12-18
1227,4047,2022-04-20
2538,10290,2022-04-18
2243,8730,2021-09-01
629,25272,2021-09-11
3261,15093,2022-04-28
1725,6270,2022-01-24
1834,6782,2021-08-27
3855,21725,2021-07-31
880,6110,2021-08-31
1383,19625,2022-01-19
2462,28983,2022-03-01
3124,24400,2021-12-30
3051,15085,2021-08-23
2029,9130,2022-07-10
3195,26194,2022-02-06
482,25107,2022-03-16
1416,13117,2021-12-08
2416,17457,2021-09-13
1908,14316,2021-08-29
3012,13155,2022-07-10
1283,4333,2021-12-23
4028,26448,2022-01-02
1205,21030,2022-05-28
130,15285,2022-03-20
234,762,2022-02-07
329,1080,2021-10-27
2774,11884,2022-05-23
1027,23644,2021-12-03
25,111,2022-03-08
47,8365,2022-05-28
3665,18982,2021-12-13
476,11754,2022-05-24
3892,22389,2022-07-05
33,169,2022-06-04
3534,17799,2022-05-26
1899,22537,2022-06-20
2365,14814,2022-04-10
155,26305,2021-08-19
3287,15330,2022-05-11
2028,7646,2022-07-10
2852,20233,2022-06-10
1345,25625,2021-10-18
1090,10876,2022-03-24
638,2062,2021-10-02
2192,29074,2021-09-30
3954,23913,2021-12-08
3471,20413,2022-06-07
4078,28762,2021-10-20
2728,11529,2022-05-06
117,411,2022-04-15
2747,29171,2021-09-02
1805,6674,2021-07-31
3949,29118,2022-01-27
2254,24325,2022-04-05
1490,5062,2022-06-30
3809,20887,2022-07-08
2526,10268,2022-02-17
466,1502,2022-06-02
3204,15505,2022-03-18
1136,3703,2021-12-16
697,2244,2022-02-15
3036,26228,2021-08-16
882,3708,2022-06-06
2335,27951,2022-01-06
1079,3500,2021-08-22
1040,14412,2021-08-13
3596,19228,2021-10-12
2665,11063,2022-04-21
1194,13440,2021-08-13
777,9153,2021-09-25
1927,8864,2022-05-22
2037,12977,2021-07-22
3711,29426,2022-01-27
3959,29177,2022-06-23
3512,17549,2021-10-10
1538,5303,2021-12-03
1654,28450,2022-08-06
867,2765,2022-04-05
2367,28059,2022-03-16
100,9173,2021-10-14
612,8964,2022-01-02
2528,10270,2022-02-01
3192,20260,2022-04-22
2106,8076,2021-11-14
1720,29309,2022-07-07
3558,17987,2022-04-28
2193,8516,2021-07-25
4040,27292,2021-08-20
725,26095,2022-05-08
3956,24017,2022-06-12
1174,9127,2021-12-24
719,29351,2022-05-24
4015,26188,2021-08-17
319,1033,2022-05-10
315,21518,2021-11-27
3863,21847,2021-11-22
3078,13708,2021-11-22
729,18618,2022-02-25
2175,8416,2021-10-13
1814,6719,2021-12-24
3091,13828,2021-12-25
1884,15861,2021-11-07
2731,23006,2022-03-19
3649,18938,2022-01-20
3818,21059,2021-09-20
2278,17204,2022-03-28
1890,7008,2021-11-19
1510,5177,2022-05-09
2874,21077,2022-05-29
2576,17836,2021-11-15
3384,27289,2021-10-10
2640,10928,2022-01-24
1663,24670,2022-05-12
3548,25312,2022-04-22
1575,8266,2022-06-10
1277,4295,2021-09-19
3941,23487,2021-12-27
1638,9692,2022-05-29
3857,21815,2021-10-24
2133,14453,2021-07-23
52,263,2021-12-26
1435,18725,2022-06-14
1922,15639,2021-11-22
1494,14132,2022-05-26
3551,23310,2021-12-08
3767,20494,2022-03-31
424,1365,2022-02-25
1898,7051,2022-06-20
2149,8286,2022-05-27
776,2548,2021-09-25
3071,28967,2022-03-04
1214,4015,2021-12-18
2860,12339,2022-01-25
3187,14456,2021-07-27
3794,22925,2022-06-29
4079,28807,2021-09-20
2324,23413,2021-10-21
3916,23005,2021-10-17
682,9643,2022-03-20
3324,22238,2021-10-01
105,14555,2022-01-31
1454,4922,2022-02-19
780,18802,2021-11-29
3874,24848,2021-11-10
3886,22302,2022-01-16
2043,22568,2021-08-23
731,19678,2022-06-19
4029,26483,2022-06-12
3484,23230,2022-03-24
3875,22128,2022-03-25
584,26154,2022-04-12
878,2776,2021-08-31
3259,15032,2021-08-15
370,1206,2022-04-21
115,6883,2022-02-03
2594,27726,2021-10-01
766,6861,2021-11-16
2445,19141,2021-11-05
3894,26959,2022-07-05
165,542,2022-06-16
2954,25175,2022-05-02
1367,17212,2021-10-24
1729,6315,2021-08-27
2158,8340,2021-10-05
852,2749,2021-12-17
663,11918,2021-08-18
2306,13987,2022-02-24
2247,8734,2022-06-10
937,2975,2022-06-09
1265,5715,2021-10-18
493,3698,2022-01-07
3629,21711,2022-02-15
2379,9472,2021-10-19
2958,12888,2021-11-29
2913,27842,2021-07-27
2950,12863,2022-05-16
2168,8381,2021-10-23
3008,27359,2021-11-28
2704,11394,2022-05-12
311,23924,2021-09-15
3214,14647,2022-02-12
3823,29779,2022-07-26
1946,22104,2022-06-03
392,17285,2022-06-25
962,15675,2021-09-11
446,1435,2022-02-12
2021,16563,2021-09-06
1840,23889,2022-06-19
1631,28950,2021-12-28
2946,26848,2022-04-25
1705,6119,2021-10-26
70,291,2021-12-03
3001,13087,2021-08-07
675,19655,2022-04-21
932,20159,2021-10-30
389,25117,2021-10-11
1501,5105,2022-06-16
3994,25522,2022-06-25
252,807,2022-02-14
3652,18906,2022-06-21
2754,11747,2022-04-18
2479,10075,2022-04-02
3602,21231,2022-06-16
3154,22376,2022-06-18
4086,29198,2021-11-16
468,24375,2022-06-02
1763,17703,2022-06-08
2771,27418,2022-01-28
1650,5781,2022-06-06
3761,26573,2022-05-17
3698,23591,2022-01-14
1582,5447,2022-03-14
109,19700,2021-09-27
1234,4090,2022-03-31
643,2068,2022-05-07
1221,4025,2022-05-29
3110,13955,2021-07-25
1024,25310,2022-03-18
3153,14184,2022-06-18
1175,22855,2021-12-24
1661,5851,2022-05-12
3445,16658,2022-05-16
613,2000,2021-12-29
1154,23229,2021-12-27
3977,24903,2022-06-02
2966,12919,2022-05-07
13,63,2021-11-14
471,12634,2021-12-25
842,29464,2021-08-02
3377,23150,2021-09-02
3375,24236,2022-02-24
2114,8151,2022-05-20
1993,9699,2022-01-16
1077,3491,2022-04-10
3392,20358,2022-02-10
1290,4342,2022-06-12
690,2222,2021-11-18
2241,23341,2021-09-13
3635,18697,2021-11-20
1609,5585,2022-02-05
3216,20823,2022-02-12
1132,26518,2022-02-12
6,29,2021-08-30
1467,5003,2022-05-31
3787,20664,2022-01-21
3205,14569,2021-11-23
1302,7548,2022-06-11
2215,8620,2022-03-10
681,2200,2022-03-20
3170,17677,2022-05-08
3436,16576,2021-09-09
3507,17454,2022-02-13
1497,5103,2021-08-05
2024,21853,2021-08-10
1586,5466,2021-12-25
1096,16824,2022-03-05
1255,13954,2022-05-21
985,27183,2021-12-19
1591,22034,2022-06-23
467,10770,2022-06-02
4024,29015,2022-06-25
1445,4887,2022-07-17
3908,28703,2021-07-15
995,3213,2021-12-24
806,26781,2021-11-20
1820,6729,2022-03-16
3610,18416,2021-12-12
3321,20185,2022-05-14
3083,29513,2022-08-25
3072,13666,2022-02-06
2616,10749,2022-06-12
2845,12237,2021-12-16
4063,28148,2022-01-17
1479,14919,2022-04-26
2650,27399,2021-07-15
2839,24285,2022-03-26
3864,21868,2022-07-23
3088,13808,2022-05-03
4096,29952,2021-12-15
2556,10365,2022-02-13
61,276,2021-11-26
554,23050,2021-11-24
3151,17246,2022-03-23
3440,16612,2021-12-30
993,16537,2022-06-15
1460,16599,2021-11-24
3518,17597,2022-01-07
2865,18727,2022-01-01
73,293,2022-01-28
1241,4696,2021-11-14
1032,18969,2022-01-19
3737,25632,2022-04-13
531,9524,2022-01-01
838,2735,2022-03-14
2646,10937,2022-04-13
2755,25823,2022-04-18
614,21533,2021-12-29
2671,11125,2021-09-05
1966,23467,2021-12-08
2166,8377,2022-07-22
3793,20680,2022-06-29
4017,26233,2022-01-29
2412,9718,2022-01-21
2297,16017,2022-02-06
683,2201,2021-12-23
1216,4022,2022-02-11
2699,29966,2022-01-05
701,14539,2022-08-03
3248,14909,2021-10-07
3150,14183,2022-03-23
2994,28140,2021-07-27
3597,20636,2021-10-12
3617,18510,2022-06-16
933,24658,2021-10-30
2610,26845,2021-08-26
3867,28169,2021-12-07
1827,13805,2022-03-20
399,18014,2022-03-10
3376,15981,2021-09-02
1584,7485,2021-11-19
120,419,2021-09-18
4068,28265,2022-02-14
2349,9280,2022-02-17
2695,25895,2022-02-12
1063,22921,2022-07-03
1200,6838,2021-10-14
855,2752,2021-09-07
3808,27597,2021-08-06
485,28975,2022-02-14
289,908,2021-09-03
3815,21036,2022-06-07
2617,18139,2022-06-12
711,2291,2022-02-05
1499,23122,2021-08-05
2648,10970,2021-07-15
3250,29043,2021-07-26
2797,20549,2021-12-23
1062,3450,2022-07-03
851,23886,2021-07-28
1954,7303,2021-08-30
1674,25744,2021-12-12
3771,28335,2021-11-28
3754,23129,2022-01-09
1776,6508,2022-04-13
1126,8815,2021-07-25
3871,29499,2022-05-12
2808,12094,2022-06-19
3213,17258,2022-05-17
1672,11289,2021-11-02
892,23592,2022-04-29
2041,14120,2022-05-01
1248,4164,2022-04-30
1271,10030,2021-08-31
390,1264,2022-06-17
3614,18496,2022-03-05
3302,25979,2022-05-09
2062,7813,2021-12-04
2758,27877,2022-05-11
1751,7960,2022-06-07
2279,8915,2022-01-11
1295,28089,2021-10-11
393,1286,2022-04-15
1310,13685,2022-02-10
473,1520,2021-08-01
897,3374,2021-08-21
335,22483,2022-07-08
1395,4682,2022-05-06
2765,15381,2021-12-19
1710,6165,2021-07-12
1881,14522,2021-09-13
1199,3922,2021-10-14
3541,17904,2022-01-03
3500,17311,2021-10-08
2525,27107,2022-08-12
738,2402,2021-11-09
879,2801,2021-08-31
877,18362,2022-04-26
1676,8522,2021-10-31
1042,3360,2021-10-01
1117,3635,2022-04-19
1341,9255,2021-09-04
1469,27031,2022-05-31
145,19073,2021-12-08
1802,6663,2022-07-16
2817,12153,2022-05-17
819,25124,2022-04-07
517,4565,2021-09-07
1451,4918,2022-04-09
1318,10646,2021-10-10
4046,27557,2021-12-14
297,942,2022-04-23
373,1216,2022-06-16
2587,28972,2021-12-01
2708,18204,2021-07-25
1365,19576,2021-12-28
860,13864,2022-08-08
1156,11548,2022-04-27
128,13903,2022-03-07
1232,4081,2022-04-03
2251,28820,2021-11-15
2959,22175,2021-11-29
4067,28531,2022-01-20
986,3176,2022-07-04
1706,13885,2021-10-26
3866,23403,2021-12-07
459,11788,2021-09-27
3636,18704,2021-11-20
2050,7789,2021-11-30
2598,26047,2021-11-25
605,1983,2021-12-06
4065,28209,2021-09-22
2366,9377,2022-03-16
868,8651,2022-04-05
1427,4793,2022-05-30
3328,26128,2022-02-06
1910,24223,2021-07-25
2961,12891,2022-05-25
3810,20898,2021-11-12
812,7712,2022-04-10
1645,6637,2021-10-23
1246,4153,2021-09-10
3755,20326,2022-01-24
828,2683,2021-12-31
958,11714,2021-11-22
1051,23572,2022-06-26
3407,28892,2021-08-01
3733,19910,2021-11-29
2376,9431,2022-06-22
2451,26452,2022-03-26
1252,24564,2021-12-05
2375,27888,2022-02-18
3960,24109,2022-03-15
3993,25511,2022-01-08
4023,26394,2022-06-25
793,2600,2021-08-14
3510,17493,2022-04-04
2600,10673,2021-10-17
3540,29679,2022-02-28
1230,4066,2022-04-05
1335,4463,2022-03-20
2391,21814,2021-09-29
3029,13218,2022-04-06
2592,23966,2021-11-24
3411,16278,2022-01-15
3077,29424,2021-10-15
1098,17236,2022-01-25
2906,12662,2022-07-03
298,29905,2022-04-23
2206,24045,2022-01-17
1959,7338,2022-05-13
795,26712,2021-08-14
3625,29248,2022-03-29
1209,3946,2021-10-21
3311,15499,2022-02-19
275,15374,2022-06-19
1863,17915,2022-07-24
2821,16850,2022-02-05
2714,28419,2021-10-10
245,23898,2022-03-24
2604,27864,2022-04-29
2300,23023,2021-08-26
500,1616,2022-04-13
330,2985,2021-10-27
3953,29999,2022-04-13
2219,8641,2022-02-06
3969,24675,2021-11-29
3016,20531,2021-08-07
1426,27305,2022-04-03
2134,21893,2021-07-23
3566,27454,2022-02-11
3391,16085,2022-02-10
858,2756,2022-08-08
3753,20266,2022-01-09
2800,25079,2021-09-17
1866,26808,2022-04-28
1665,13977,2022-03-26
3111,13959,2022-05-04
1859,16552,2021-08-21
2181,8425,2022-02-01
1701,6108,2021-08-16
2357,14732,2022-05-10
644,12735,2022-05-07
3182,16788,2022-08-24
1439,4850,2021-11-18
3934,23425,2022-06-07
264,4826,2022-03-08
2549,10321,2021-08-08
1150,3749,2022-05-05
1563,5385,2022-07-03
920,22209,2022-05-23
1455,4928,2022-07-02
1018,20371,2022-05-25
1009,7901,2021-10-30
3144,14178,2022-01-26
2364,9363,2022-04-10
3279,26766,2022-01-27
2933,12785,2022-02-27
3861,27126,2021-09-09
2263,8837,2021-10-08
662,2139,2021-08-18
688,2220,2021-10-06
18,1692,2021-07-28
260,831,2021-12-10
1053,17021,2021-08-26
754,2472,2022-05-13
338,13030,2022-05-08
3042,20734,2021-11-12
210,9012,2021-11-13
2977,16862,2021-09-27
2472,10052,2022-06-28
3653,26589,2022-06-21
1182,3828,2021-09-24
1886,8087,2021-12-31
2252,8752,2022-04-05
271,14974,2021-09-02
1714,6194,2021-10-18
515,18821,2021-09-11
2567,24806,2022-04-06
2619,10754,2021-07-14
2481,22330,2021-12-04
2796,17478,2021-12-23
2995,13025,2022-07-19
2935,12804,2022-05-26
2470,15150,2022-02-01
1162,20885,2021-08-21
2485,25908,2022-05-11
3353,15796,2022-04-01
1847,20255,2021-12-20
494,22606,2022-01-07
2892,17840,2022-01-19
2507,10897,2022-02-09
876,9204,2022-04-26
3449,22381,2022-08-10
2849,12720,2022-04-29
2156,8303,2022-04-09
439,22412,2022-02-12
3594,24261,2021-12-20
752,4344,2022-05-15
3741,20042,2021-10-31
2478,10055,2021-11-18
2122,17632,2021-08-20
2179,12923,2022-07-31
347,1115,2021-09-30
114,403,2022-02-03
625,2006,2022-05-17
3879,22152,2021-12-01
556,7085,2021-11-17
1321,18474,2022-07-14
1984,7397,2022-03-14
69,17884,2021-11-03
2647,14428,2022-04-13
3026,13215,2022-06-25
3746,20141,2022-01-22
3286,27644,2021-10-30
1647,5773,2022-06-01
3889,25018,2021-11-15
1337,8759,2022-03-20
648,27610,2021-12-31
3410,28931,2022-01-15
3255,15009,2021-12-05
1219,4023,2021-10-21
2385,25777,2022-02-05
2330,16797,2022-05-13
3067,14251,2021-10-04
2135,8200,2021-08-30
285,28667,2021-09-21
2117,8158,2022-06-06
3065,20827,2022-03-25
3147,14181,2022-01-14
1327,13863,2022-04-16
2529,13968,2022-02-01
2605,10681,2022-07-13
3052,28937,2021-08-23
2512,10180,2021-09-06
381,1240,2022-01-24
2894,26307,2021-11-12
2164,8497,2021-08-31
788,10127,2021-07-29
553,1808,2021-11-24
1925,17900,2022-07-24
3723,19753,2021-10-02
206,708,2022-06-11
2561,10385,2022-03-12
2177,26081,2021-10-13
2570,10456,2021-12-21
3128,14081,2022-03-19
489,1586,2022-01-07
1971,7354,2022-04-11
3425,16449,2021-11-11
1292,25402,2022-06-12
2820,12158,2022-02-05
3980,25077,2021-12-04
2444,9937,2021-11-05
2259,13807,2022-02-23
363,17062,2021-12-23
2717,20067,2022-06-29
2588,10550,2021-10-11
2706,18622,2022-05-12
129,482,2022-03-20
2879,12511,2022-04-15
2641,24016,2022-01-24
2804,12071,2021-09-11
1149,3747,2021-11-27
3319,26270,2022-07-18
2173,23807,2021-08-12
137,495,2022-07-26
3378,29518,2021-09-02
273,27857,2021-09-04
3115,13997,2021-09-24
1793,6607,2021-11-18
910,2898,2022-06-19
2984,13452,2022-01-27
2789,21514,2022-03-17
904,10965,2022-03-04
1012,3269,2022-07-11
2581,10522,2022-07-08
949,2999,2021-10-01
3049,13418,2022-02-24
3381,19209,2022-05-01
1026,19080,2021-12-03
281,881,2021-10-20
2293,24890,2021-08-21
352,3815,2022-02-28
1351,29377,2022-02-01
2838,20133,2022-03-26
3084,13794,2021-10-16
509,26917,2022-03-30
1145,24311,2022-05-26
734,15983,2022-05-04
2623,28893,2022-04-17
2564,12841,2022-03-28
1070,20782,2022-07-25
2606,13879,2022-07-13
2023,10562,2021-08-10
479,7808,2021-11-30
238,774,2021-09-05
3686,19305,2022-07-02
3932,23309,2022-03-06
305,20563,2021-12-26
3942,23543,2021-12-13
2147,15672,2022-05-17
1680,18338,2021-12-09
3902,29894,2021-08-20
2629,10816,2022-06-16
1167,3771,2022-05-16
1284,5989,2021-12-23
3247,29711,2021-10-04
213,715,2022-04-11
1276,4797,2022-06-02
1552,11294,2021-08-17
3592,18250,2022-02-02
3155,14210,2021-10-18
195,690,2022-06-15
791,14342,2022-06-07
3288,26968,2022-05-11
2126,8184,2022-01-22
1702,24687,2021-08-16
925,3099,2022-03-19
1282,7356,2022-05-28
2505,11941,2022-05-05
3465,17470,2022-07-18
1331,4430,2021-07-17
3439,16577,2021-10-28
526,10514,2021-12-22
883,18265,2022-06-06
3480,17019,2022-03-29
2121,10666,2021-08-20
4047,27569,2022-01-03
1343,4504,2021-10-18
180,601,2021-09-08
2559,10381,2022-05-21
68,289,2021-11-03
1919,22601,2022-06-25
942,22893,2022-03-16
2403,9680,2021-10-27
2530,10274,2022-01-28
2781,15623,2021-10-05
4073,28559,2021-11-03
1092,3516,2021-11-18
314,18342,2021-11-27
505,16568,2022-07-18
3487,18686,2022-02-14
2430,9789,2022-03-23
2746,12452,2021-09-02
3329,15564,2021-09-09
1197,3917,2021-09-22
1192,28290,2021-10-01
3383,16054,2021-10-10
3585,18208,2021-11-23
557,24358,2021-11-17
1835,6792,2021-12-19
2503,28990,2022-07-01
2104,8072,2021-09-25
3704,27960,2021-10-18
2937,24070,2022-03-18
2130,20983,2022-01-25
232,6294,2022-04-25
1868,20798,2021-12-29
3638,24523,2021-11-20
3684,19255,2022-05-02
1745,21855,2022-01-05
2031,7647,2021-08-04
1660,14792,2021-10-11
3929,28782,2021-10-20
1243,6062,2022-04-29
303,951,2021-12-26
1279,28257,2021-09-19
2180,15412,2022-07-31
2066,11930,2021-12-17
563,21858,2022-05-01
3202,14536,2022-03-18
23,110,2021-11-11
1934,16785,2022-08-11
2369,12838,2021-08-19
906,2884,2021-12-25
548,1803,2021-08-14
3965,24463,2022-06-26
2487,10089,2021-12-11
358,15660,2021-12-27
3506,27540,2021-08-12
679,18181,2021-12-18
691,11681,2021-11-18
3939,23587,2021-08-13
1114,29725,2022-01-09
3692,26334,2022-03-22
2431,14257,2022-03-23
594,23716,2021-12-04
3872,22075,2021-11-26
3127,14074,2022-05-13
521,17571,2022-02-22
1364,4581,2021-12-28
742,21442,2022-04-29
3342,15688,2022-06-05
2516,14104,2022-04-21
598,15768,2021-12-09
2826,21473,2022-01-28
2902,25346,2021-07-29
1039,12456,2021-08-13
3058,13528,2022-04-26
453,28447,2022-04-16
576,1904,2022-04-17
3893,23608,2022-07-05
3064,20098,2022-03-25
3339,15677,2022-03-10
3178,14395,2022-01-24
1006,26003,2022-05-14
2858,26136,2022-04-15
3557,22385,2022-04-18
1945,7274,2022-06-03
627,2025,2021-09-11
60,28761,2022-01-21
164,7456,2021-11-22
2262,28603,2021-11-12
3694,21022,2021-09-26
343,1355,2022-01-11
1419,4770,2021-12-10
3989,25384,2022-03-28
1408,17496,2022-06-11
131,22885,2022-03-20
2929,13398,2021-11-16
4007,25881,2022-03-15
2676,24610,2022-03-31
2362,9351,2022-06-08
2563,11177,2022-03-28
1281,6619,2022-05-28
1960,10730,2022-05-13
2211,9230,2022-06-18
1496,5096,2022-01-16
2596,10630,2022-01-14
977,15586,2022-02-08
1298,8256,2021-10-13
2919,12744,2022-02-24
299,948,2022-06-15
3290,15379,2022-03-09
671,15269,2022-06-27
3870,22115,2022-05-12
762,2516,2021-08-19
1384,4663,2022-05-04
1549,13632,2021-08-30
703,18191,2021-08-24
636,13054,2022-06-11
2843,13871,2022-06-09
923,2924,2022-01-15
1151,6896,2022-05-05
2557,16355,2022-02-13
1979,23779,2022-03-10
3413,16321,2021-09-02
1590,12883,2022-06-23
861,2759,2021-09-21
1677,24773,2021-10-31
1134,13658,2021-08-23
773,2545,2022-05-15
89,650,2022-04-15
1849,28977,2022-01-21
3615,18507,2021-11-12
2660,11041,2022-07-12
798,2607,2022-07-08
1643,5737,2022-01-29
2154,8295,2021-12-01
2637,29896,2022-05-17
3039,27352,2021-09-03
2836,25730,2021-09-07
805,7563,2021-11-20
3930,23303,2022-05-18
181,15685,2021-09-08
404,14217,2022-01-28
2100,13780,2021-12-06
1624,5618,2021-11-05
929,11400,2022-01-31
1698,6089,2022-04-14
1930,7221,2022-04-06
1250,4176,2021-12-05
1916,19494,2022-02-01
2710,11443,2022-08-14
1288,7993,2022-05-31
3341,27503,2022-03-10
2493,10092,2022-06-21
818,9224,2022-04-07
1664,5856,2022-03-26
2123,8172,2021-12-04
2802,12070,2022-06-20
2573,10488,2021-11-15
3289,27637,2022-05-11
3063,13546,2022-03-25
1870,6926,2022-04-03
1797,6628,2022-04-13
538,23076,2022-07-11
1127,3661,2022-06-09
2419,28341,2021-10-01
326,1068,2021-11-29
286,895,2022-04-27
1956,24003,2021-12-10
1668,5935,2021-11-09
3245,22068,2022-05-12
619,2002,2021-09-08
1735,6352,2022-05-19
3031,13237,2022-06-26
1912,7141,2022-06-30
2287,20344,2021-11-16
3397,16161,2021-10-23
1744,21794,2022-01-05
3468,20657,2021-09-12
2488,12575,2021-12-11
1780,12698,2022-06-18
874,18523,2021-12-05
525,1695,2021-12-22
743,2415,2021-08-24
3388,16072,2021-11-12
1207,22810,2022-01-14
2069,7904,2021-11-27
611,1995,2022-01-02
488,12941,2022-05-30
2082,24996,2022-03-20
3137,19870,2022-07-12
1570,16490,2021-11-08
1941,19543,2021-12-29
652,2095,2022-03-17
2004,7513,2022-01-11
723,2381,2022-05-08
2989,20903,2021-11-24
4066,28218,2022-01-20
2393,15601,2022-02-20
244,14365,2022-03-24
2250,8790,2021-11-15
3430,22972,2021-09-22
2083,7957,2021-07-31
3171,20862,2022-05-08
3630,26868,2022-02-15
2888,12560,2022-06-03
3034,13265,2021-08-16
1782,6542,2022-05-24
2926,17778,2022-06-23
3757,24821,2021-08-20
2745,11704,2021-09-02
2414,13494,2022-01-21
2305,9219,2022-02-24
3092,27223,2021-12-25
3920,23111,2022-02-04
3739,24270,2021-11-11
3690,19405,2022-06-01
1708,6129,2022-08-02
2269,9120,2022-06-29
2727,19479,2022-07-09
237,25966,2021-09-15
3267,23079,2022-01-06
168,4120,2022-05-27
1530,15192,2021-08-24
3024,13813,2022-06-29
3107,15442,2021-11-22
2313,9045,2022-02-18
1093,3754,2021-11-18
398,9669,2022-03-10
1462,7644,2022-06-03
1482,5055,2022-04-28
2329,9152,2022-05-13
1036,21690,2021-11-09
1517,5244,2022-06-13
820,2658,2021-07-20
1193,3906,2021-08-13
1537,18769,2021-09-24
657,7458,2021-12-02
570,1875,2021-11-16
445,9404,2021-09-11
481,1576,2022-03-16
364,19062,2021-12-23
1257,24269,2021-10-07
3726,19817,2021-09-14
96,352,2022-01-29
1627,5663,2022-06-18
2008,7895,2022-07-21
2408,9702,2021-12-22
1164,3768,2022-05-20
1669,13607,2021-11-09
3762,26836,2022-05-17
3831,21214,2021-10-08
3824,21136,2021-11-13
2162,23055,2022-03-15
854,3012,2021-12-17
2981,13889,2021-09-08
1301,6850,2022-06-11
1785,6562,2022-01-04
529,22380,2021-11-22
894,11083,2022-06-05
2730,17728,2022-03-19
1492,5077,2022-05-26
3731,27267,2022-07-09
3943,23575,2021-07-14
2157,28764,2022-04-09
1891,7019,2021-11-25
2788,12020,2022-03-17
1543,23661,2021-11-15
3225,14724,2022-05-16
3543,19503,2021-11-21
1086,3508,2021-12-10
967,16381,2021-09-05
934,2973,2022-03-04
2115,8153,2021-12-21
778,29127,2021-09-25
3230,14781,2021-11-19
1103,3566,2022-07-04
2867,12391,2022-06-13
3654,18922,2021-12-18
1115,3622,2022-05-03
2807,21662,2022-03-28
366,1292,2022-05-22
617,11211,2022-03-15
1692,7930,2022-01-04
3976,24889,2021-10-30
1404,4728,2021-08-10
1616,7082,2021-11-15
746,12188,2021-12-08
3422,16416,2022-02-04
1504,5106,2022-07-12
2087,18547,2022-02-14
2079,7925,2021-11-19
3190,14461,2022-04-03
2999,20061,2022-03-30
1786,13484,2022-01-04
2433,9838,2022-02-24
1999,17247,2022-02-10
514,17427,2021-09-11
511,1661,2022-01-30
3327,20454,2022-02-06
975,25784,2022-04-03
294,919,2022-04-22
2932,17192,2022-06-08
3663,23853,2022-06-20
3572,18109,2022-06-17
3972,24799,2022-04-22
1682,12459,2021-12-02
3141,14173,2022-01-26
1754,6391,2022-02-23
414,13152,2021-11-20
163,3706,2021-11-22
1605,26670,2021-10-21
331,5574,2021-10-27
567,1873,2021-12-20
2575,10498,2021-11-15
884,2783,2021-10-27
994,18399,2022-06-15
496,19996,2022-06-06
2848,12245,2022-04-29
890,2828,2022-04-29
1356,10542,2022-03-18
1485,5056,2022-05-14
2910,12699,2022-07-01
1394,17896,2021-12-09
1348,29061,2021-09-13
134,486,2022-04-06
28,125,2022-01-10
3011,19332,2021-08-05
2760,14484,2022-02-11
2700,11339,2021-12-17
2089,7967,2022-06-05
2461,10013,2022-03-01
135,7594,2022-04-06
3848,27050,2022-05-15
457,1482,2022-05-14
3968,24613,2022-02-22
1800,6656,2022-08-08
3820,21063,2022-05-21
3637,20195,2021-11-20
3020,13185,2022-07-14
3490,21531,2022-06-28
3323,20056,2021-10-01
3829,21206,2021-08-05
351,1139,2022-02-28
1561,18154,2021-10-25
3238,15967,2022-03-11
1869,22939,2021-12-29
3847,25370,2022-05-15
3180,27579,2022-01-24
1909,7098,2021-07-25
3119,22991,2022-02-13
2342,23923,2022-04-05
1379,14164,2022-06-21
630,2029,2022-03-08
709,9222,2022-05-11
2991,13004,2022-06-03
3606,28404,2021-12-26
3010,16546,2021-08-05
4052,27696,2021-10-23
2547,14784,2022-02-04
2679,19754,2021-08-30
633,6866,2022-01-18
474,11629,2021-08-01
3272,15198,2022-04-23
602,1982,2022-01-17
2720,11483,2021-12-13
1768,6479,2022-02-04
2307,9040,2021-11-13
695,2233,2021-08-29
913,2900,2022-02-24
3881,26588,2021-12-01
2743,26847,2021-12-22
2509,10170,2021-09-04
1023,20239,2022-03-18
2490,10091,2021-09-02
3349,22415,2022-05-10
3647,23090,2022-01-13
2390,9556,2021-09-29
3768,21849,2022-03-31
1963,18286,2021-10-15
1628,5753,2022-06-18
1860,16733,2021-08-21
4083,29095,2022-05-21
3417,23624,2021-12-16
1589,5477,2022-06-23
2283,28015,2022-01-24
3300,15444,2022-05-01
1618,8611,2021-12-31
3336,15622,2022-06-21
2484,17087,2022-05-11
2013,7588,2022-06-09
2987,25492,2021-09-17
3045,13376,2021-08-12
3492,17117,2022-07-06
3840,24497,2022-07-24
3386,16886,2022-04-30
1931,22278,2022-04-06
3948,23758,2022-01-27
1286,4337,2022-05-31
1760,6455,2021-07-15
2715,11453,2022-06-29
318,19136,2021-12-21
492,1603,2022-01-07
3998,29978,2021-12-31
1684,6020,2021-07-19
3716,20392,2021-10-19
31,157,2022-02-02
3578,21829,2021-07-05
1068,27051,2022-06-01
3569,18091,2021-11-23
4022,27347,2022-05-07
2766,11826,2021-11-17
2649,20928,2021-07-15
1123,3648,2021-11-12
1988,7443,2022-02-23
149,515,2021-08-28
796,2604,2022-04-22
2934,16451,2022-02-27
1142,28305,2022-01-05
1125,3654,2021-07-25
2792,12051,2022-01-29
3021,18257,2022-07-14
3265,15136,2022-01-06
887,29769,2021-09-18
2186,26543,2022-01-08
3951,23775,2022-04-13
3740,27803,2021-11-11
957,3038,2021-11-22
2599,28535,2021-11-25
2125,19279,2022-04-11
2840,12225,2022-05-21
262,12717,2021-12-10
1915,9715,2022-02-01
1758,16338,2022-05-15
3104,16021,2021-11-14
2480,10080,2021-12-04
384,1252,2022-06-13
3996,25584,2021-08-03
640,2067,2021-09-14
1244,4127,2021-09-10
1531,21760,2021-08-24
2653,10992,2022-05-26
981,14557,2022-04-30
2705,17268,2022-05-12
2534,15264,2022-06-26
836,26323,2022-04-25
2825,12171,2022-01-28
19,19722,2021-07-28
1370,10135,2022-06-26
1411,4733,2022-03-27
171,16654,2021-09-08
759,2491,2021-07-18
207,8974,2022-06-11
3552,17973,2022-07-16
2026,19694,2022-05-16
2245,8733,2022-05-12
38,210,2021-12-23
113,10390,2022-02-19
3735,19960,2021-11-11
1399,4707,2021-09-28
1752,6390,2022-07-23
3514,17562,2021-10-12
4075,28689,2021-10-16
3681,23480,2021-10-15
1433,4813,2022-06-14
484,4080,2022-02-14
1397,4690,2022-01-06
603,10996,2022-01-17
2285,8945,2022-04-12
1509,17056,2022-02-02
2456,9969,2021-11-16
1319,11524,2021-10-10
1010,26014,2021-10-30
397,1301,2022-03-10
3945,24209,2021-10-23
1102,8672,2022-02-05
2595,10615,2022-03-17
2801,29269,2021-09-17
1515,12856,2022-07-14
2073,7874,2021-11-27
3194,14501,2022-02-06
3455,21974,2022-06-26
1598,5513,2022-05-21
2136,8457,2021-08-30
902,2869,2022-01-22
532,16894,2022-01-01
1338,4470,2022-04-02
3509,27358,2022-02-13
1534,26738,2022-04-29
379,1238,2021-12-04
2170,21196,2022-04-01
1375,16024,2021-08-31
44,10095,2021-12-02
2722,11523,2021-08-21
2737,11597,2021-10-18
3018,13173,2021-12-14
3280,29675,2022-01-27
1056,3419,2022-03-10
797,17628,2022-04-22
951,21338,2021-10-01
1201,20066,2021-10-14
3983,25131,2021-12-31
1212,4009,2021-08-30
1694,6078,2021-12-30
3136,14130,2022-07-12
3666,20953,2021-12-13
3337,24860,2022-06-21
2539,16700,2022-04-18
853,2877,2021-12-17
272,848,2021-09-04
3779,28171,2022-05-14
2584,11130,2021-12-02
1872,24691,2022-04-03
3038,21176,2021-09-03
1222,9364,2022-05-29
1112,12374,2022-06-14
750,2456,2022-05-23
2683,11170,2021-08-24
1048,15034,2021-08-06
3688,24226,2022-04-20
2356,9332,2022-05-10
4089,29490,2022-04-19
2741,19855,2022-06-28
2823,12167,2022-05-08
227,15146,2022-03-23
615,28723,2021-12-29
3312,28709,2022-02-19
2407,26450,2022-05-22
203,27258,2021-10-05
2312,26186,2021-11-25
3006,13127,2021-11-28
1198,4578,2021-09-22
1535,5302,2021-09-24
646,5595,2021-08-05
3293,15400,2021-10-01
1261,4186,2021-10-26
978,23474,2022-02-08
2311,20407,2021-11-25
2000,19335,2022-02-10
1238,12972,2021-12-12
503,1620,2021-08-13
3003,13110,2022-01-29
749,10398,2022-06-01
1464,17720,2021-12-22
122,19615,2021-09-18
3332,15584,2022-01-01
3232,14786,2021-11-20
1181,3809,2021-10-03
1914,7152,2022-02-01
1666,5914,2022-03-24
3345,24901,2021-12-26
1821,9875,2022-03-16
2787,23266,2022-02-05
1612,5590,2022-02-06
3118,20875,2022-02-13
2691,11214,2021-12-06
3581,28281,2022-04-25
1551,5370,2021-08-17
1803,23699,2022-07-16
461,1493,2022-01-25
1826,6747,2022-03-20
477,12207,2022-05-24
3452,19262,2021-11-05
2601,25946,2021-10-17
2805,12090,2022-03-28
72,27286,2021-12-03
3827,26540,2021-08-06
2886,12549,2022-05-13
1709,6139,2022-05-15
2405,9691,2022-05-22
74,9644,2022-01-28
2258,8807,2022-02-23
2161,12462,2022-03-15
3079,18370,2021-11-22
3501,17326,2022-02-10
1505,8984,2022-07-12
184,2546,2021-08-28
3811,20964,2022-01-15
2945,21675,2022-04-25
1413,8745,2022-04-06
2628,12186,2021-10-18
417,29913,2021-12-25
1131,25344,2022-02-12
2764,11816,2021-12-19
4033,26654,2022-03-16
1857,28887,2022-03-03
595,1965,2021-08-16
153,24934,2021-09-13
2908,28597,2022-07-03
1740,6362,2021-10-13
197,16112,2022-06-15
1989,14641,2022-02-23
339,1099,2022-04-08
1633,23535,2022-03-17
772,25624,2021-12-04
1583,5459,2021-11-19
2909,12679,2022-03-18
3844,22199,2021-11-16
407,16238,2021-12-16
3002,23642,2021-08-07
1572,7247,2021-08-18
783,16485,2022-04-13
3169,14314,2022-05-08
3046,13406,2022-01-26
3285,21801,2021-10-30
2841,29215,2022-05-21
1722,27472,2022-04-14
3014,21164,2022-07-10
848,29537,2022-02-14
3586,18219,2022-07-10
486,1584,2022-05-30
3491,17106,2022-06-12
787,2565,2021-07-29
2847,21767,2021-12-16
3724,19806,2021-10-27
3399,16182,2021-12-01
121,16382,2021-09-18
2917,18753,2022-05-26
3404,27636,2022-03-04
3258,25955,2022-05-21
3729,19886,2022-02-21
2235,15619,2022-01-23
2240,8729,2021-09-13
1347,9410,2021-09-13
745,5519,2021-12-08
198,699,2022-04-07
1453,28095,2022-04-09
84,26649,2021-09-25
301,949,2021-10-18
1139,16046,2022-07-06
2207,27240,2022-01-17
1401,23651,2022-04-14
1146,3729,2022-04-18
2492,20591,2021-09-02
1340,4478,2021-09-04
1992,7462,2022-01-16
2030,12104,2022-07-10
1765,6476,2021-12-31
2785,23067,2022-05-23
1764,19743,2022-06-08
4003,25998,2021-09-01
1183,29721,2021-09-24
850,21016,2021-07-28
700,2989,2022-08-03
2963,12916,2022-01-07
440,27175,2022-02-12
2707,11430,2021-07-25
1850,29991,2022-01-21
1823,6741,2021-10-23
2666,12194,2022-04-21
2338,9212,2021-09-22
284,22529,2021-09-21
3816,25716,2022-06-07
2049,25313,2021-09-24
1779,6539,2022-06-18
1425,4785,2022-04-03
201,700,2021-10-05
1266,4238,2022-05-31
1498,18415,2021-08-05
472,1512,2021-08-24
2531,21886,2022-01-28
2799,12067,2021-09-17
1300,4364,2022-06-11
2733,17529,2022-05-19
3979,25055,2021-08-14
2975,12939,2021-09-27
3927,23252,2021-10-20
1975,7367,2021-07-12
974,3115,2022-04-03
2314,9336,2022-02-18
3603,18363,2022-04-10
3301,15446,2022-05-09
645,2069,2021-08-05
2983,12966,2022-01-27
222,21251,2022-07-08
693,13361,2021-08-08
1267,4239,2022-06-21
3273,15200,2022-06-26
1756,11556,2022-02-23
2096,17488,2022-02-18
1632,5690,2022-03-17
2447,14714,2022-04-30
3361,19085,2022-05-10
2320,23712,2022-06-01
3708,24047,2022-03-15
189,615,2021-09-23
1730,13531,2021-08-27
714,2310,2022-01-21
2418,10233,2021-10-01
3575,18123,2021-07-17
1160,16401,2021-12-11
14,87,2022-05-10
1169,22774,2022-05-16
2081,7938,2022-03-20
686,2204,2022-04-22
1083,12012,2021-11-25
3303,15450,2022-06-13
3419,16384,2022-03-31
730,2386,2022-06-19
758,23695,2021-12-03
3174,14335,2021-09-03
1937,9037,2022-02-06
3604,18378,2021-12-26
391,1269,2022-06-25
2511,10175,2022-01-05
3177,14394,2022-04-17
3906,22648,2021-11-29
1813,22946,2022-07-06
601,13967,2022-04-13
1249,4168,2021-08-05
3050,13469,2021-08-23
1503,13286,2022-06-16
483,1578,2022-02-14
3702,19518,2021-10-18
768,2530,2021-09-15
2027,20401,2022-05-16
2980,12958,2021-09-08
3125,25138,2021-12-30
1678,5987,2021-12-09
3215,15590,2022-02-12
317,2223,2021-12-21
3460,19433,2021-08-21
510,29595,2022-03-30
1353,6681,2021-09-17
1707,26583,2021-10-26
3837,29106,2022-05-19
1088,10594,2021-12-10
992,3201,2022-06-15
2625,12816,2022-03-13
1594,27521,2022-01-06
1387,28727,2022-02-22
1380,22414,2022-06-21
1547,5343,2022-05-03
1995,7478,2022-06-15
2960,23142,2021-11-29
2129,8188,2022-01-25
1475,16204,2021-12-17
1385,4665,2022-02-22
3759,20700,2021-08-19
1955,7326,2021-12-10
3138,21122,2022-07-12
1523,5258,2022-04-11
2834,12199,2021-09-07
647,2071,2021-12-31
1560,17045,2021-10-25
3200,14535,2022-01-01
1273,7036,2022-07-07
2957,21027,2022-02-02
3244,20071,2022-05-12
2806,12879,2022-03-28
1585,28676,2021-11-19
2388,18197,2022-01-19
2415,9725,2021-09-13
2459,17058,2022-01-15
650,2309,2022-03-05
1274,12384,2022-07-07
2387,9522,2022-01-19
3919,23052,2022-06-23
2018,23168,2021-12-02
3025,17352,2022-06-29
1526,5263,2021-12-13
3102,24847,2022-03-24
2116,11567,2021-12-21
656,2135,2021-12-02
3168,26643,2021-11-10
1755,10806,2022-02-23
1104,25423,2022-07-04
3912,24402,2022-01-14
2590,19987,2021-10-11
1842,22151,2021-10-11
1386,16525,2022-02-22
1245,11907,2021-09-10
3680,19193,2021-10-15
1790,6592,2022-06-06
3269,15179,2022-03-18
179,24801,2022-06-22
3531,27110,2022-08-18
3356,15825,2021-09-03
2057,11435,2021-10-09
3109,13943,2021-09-30
2242,29812,2021-09-13
911,7045,2022-06-19
713,2307,2022-05-21
2471,10047,2021-07-24
2974,21708,2022-06-28
426,20273,2022-02-25
3938,23431,2021-08-13
833,29570,2021-09-12
956,17234,2021-08-11
3282,16526,2021-10-13
4013,26011,2021-09-15
1069,3478,2022-07-25
2099,8067,2021-12-06
1520,5247,2021-11-28
3242,14859,2021-12-03
3675,25783,2022-03-24
3745,21715,2021-12-04
687,13827,2022-04-22
3591,29483,2022-04-05
3121,16061,2021-12-18
1578,11192,2022-01-29
2770,11852,2022-01-28
2289,8990,2021-09-03
1430,4801,2021-09-20
3648,18819,2022-01-20
989,3179,2021-09-04
1600,28111,2022-05-21
2174,26804,2021-08-12
1704,19001,2021-11-07
1381,4650,2022-01-19
694,29545,2021-08-08
1328,4414,2022-06-06
2090,15881,2022-06-05
945,21461,2022-01-04
1155,3763,2022-04-27
717,2348,2022-05-24
1610,8785,2022-02-05
1921,11594,2021-11-22
952,3003,2022-03-15
2039,7691,2022-05-01
1377,19109,2021-09-12
618,27827,2022-03-15
2694,11217,2022-02-12
3845,29141,2021-11-16
1491,14574,2022-06-30
2593,10581,2021-10-01
2248,26374,2022-06-10
1829,21503,2021-11-24
235,5766,2022-02-07
507,15410,2021-09-04
3228,15777,2021-09-24
3689,19384,2022-01-08
1166,23589,2022-05-20
50,9262,2022-03-13
3395,16158,2021-08-06
970,6776,2022-06-02
908,2886,2021-08-11
2496,18484,2022-06-08
2275,18933,2021-08-23
35,205,2022-01-14
219,19252,2021-10-08
1513,6798,2021-11-28
751,2465,2022-05-15
1226,13513,2021-11-09
2332,9172,2022-06-11
4045,27490,2021-07-24
2348,10229,2021-11-03
1270,4261,2021-08-31
565,21651,2022-06-29
211,26066,2021-11-13
3880,22874,2021-12-01
3732,28054,2022-07-09
3619,29549,2022-06-16
2237,8720,2022-01-25
3917,28011,2021-10-17
1539,13179,2021-12-03
1396,18605,2022-05-06
1240,4108,2021-11-14
1317,4396,2021-10-10
4041,27392,2022-01-29
3717,19699,2021-12-04
3338,29877,2022-06-21
3193,28504,2022-04-22
361,29827,2022-06-27
148,508,2022-06-15
519,1679,2022-02-22
2740,19339,2022-06-28
2663,11052,2021-09-11
3240,14833,2022-05-27
3085,27764,2021-10-16
2457,19758,2021-11-16
580,22850,2021-07-15
470,6266,2021-12-25
1554,5373,2022-05-18
2519,10206,2022-04-24
3986,26138,2021-09-30
2878,20102,2022-04-16
495,1604,2022-06-06
3616,28109,2021-11-12
3796,25868,2022-01-19
3607,18386,2021-07-21
3747,23723,2022-01-22
193,13344,2021-12-18
946,2991,2022-02-04
1073,19087,2022-04-24
480,20852,2021-11-30
866,16812,2021-10-11
3822,24792,2022-07-26
3765,20474,2021-09-19
2183,23292,2022-06-11
2449,9941,2022-03-26
3432,16463,2021-09-10
2814,12149,2021-09-26
3295,25785,2021-10-01
1896,20982,2022-06-25
3408,16256,2022-03-13
2195,8518,2022-05-21
1141,27542,2022-01-05
2256,8782,2022-05-03
3570,18096,2022-01-15
1206,3941,2022-01-14
2318,28783,2022-06-14
728,2384,2022-02-25
2038,21780,2021-07-22
1461,4954,2022-06-03
2944,12830,2022-04-25
907,10644,2021-12-25
608,1987,2021-11-20
176,28705,2022-05-08
1675,5983,2021-10-31
2190,8506,2021-09-30
3347,23771,2022-05-08
3963,24811,2022-05-13
831,2691,2021-09-12
1124,27627,2021-11-12
1918,20759,2022-06-25
3423,24883,2022-02-04
3206,24905,2021-11-23
280,873,2022-01-08
4002,25696,2021-09-01
368,1191,2021-11-08
2566,19901,2022-04-06
268,9820,2022-01-02
1105,26201,2022-07-04
4057,27848,2022-04-28
1967,29521,2021-12-08
2803,12432,2022-06-20
3396,19450,2021-08-06
3217,14651,2022-03-17
167,550,2022-05-27
239,25267,2021-09-05
837,29257,2022-04-25
386,13229,2022-06-13
2901,18278,2021-07-29
3450,22732,2022-08-10
3935,25491,2022-06-07
698,3288,2022-02-15
3260,26462,2021-08-15
2172,8405,2021-08-12
2350,15341,2022-02-17
2153,28541,2022-04-17
1059,26247,2022-06-22
422,7678,2022-06-20
3842,24836,2022-06-30
4092,29577,2021-11-26
1014,3843,2021-08-31
527,18742,2021-12-22
199,7134,2022-04-07
1976,11822,2021-07-12
183,605,2021-08-28
214,21879,2022-04-11
1258,25229,2021-10-07
1072,3482,2022-04-24
3394,24255,2022-03-24
1942,7272,2021-10-16
1236,28525,2022-03-31
3966,24511,2022-02-06
2819,25622,2022-05-17
2218,26070,2022-02-19
1000,12429,2021-12-27
3387,16066,2022-05-01
2406,13043,2022-05-22
1748,11776,2021-09-27
1693,19153,2022-01-04
3473,17343,2021-08-17
255,815,2021-10-17
808,26356,2022-05-18
1928,7208,2022-05-06
552,27194,2022-02-15
2905,23294,2022-01-31
543,6793,2022-03-18
2432,25217,2022-03-23
375,26933,2022-06-16
524,24341,2022-02-13
1299,13487,2021-10-13
240,785,2021-11-16
349,1129,2022-04-21
2176,23528,2021-10-13
940,2979,2022-03-16
2943,26892,2021-10-31
380,13966,2021-12-04
1110,3580,2022-06-14
2667,13637,2022-04-21
3982,25121,2021-08-05
3613,18488,2021-11-05
3563,18049,2021-08-16
141,16801,2021-08-17
1352,4528,2021-09-17
3924,23243,2022-03-31
2965,24483,2022-01-07
3235,21969,2021-10-01
2748,11710,2022-03-10
307,10771,2022-03-15
157,22996,2022-03-03
2832,27257,2022-01-13
3221,16470,2022-02-10
378,20781,2022-01-10
2759,11794,2022-02-11
9,5155,2021-09-06
2996,20140,2022-07-19
1208,25717,2022-01-14
2380,14610,2021-10-19
1157,20819,2022-04-27
1466,4982,2022-05-14
253,9914,2022-02-14
1947,7285,2021-10-10
755,9704,2022-05-13
1770,6483,2021-08-29
83,337,2021-09-25
1129,29134,2022-06-09
2620,18896,2021-07-14
1437,4871,2022-05-25
1724,11199,2022-03-10
377,19022,2022-01-10
1224,4039,2021-11-09
182,25524,2021-09-08
2319,9092,2022-06-01
2454,10061,2021-09-22
1223,27441,2022-05-29
3974,28055,2022-04-22
3489,18326,2022-06-28
3048,29796,2022-01-26
3385,16060,2022-04-30
3559,18032,2021-11-01
2401,20839,2022-03-13
3990,26166,2022-03-28
2827,29200,2022-01-28
435,1392,2022-01-16
843,2740,2021-10-20
3090,25543,2022-05-03
546,2438,2022-07-01
3877,25366,2022-03-25
4055,27804,2022-06-27
3926,25748,2022-03-31
186,613,2021-10-30
4077,28757,2022-04-02
1071,28808,2022-07-25
2131,26052,2022-01-25
1239,19579,2021-12-12
2213,8617,2022-02-13
506,1631,2021-09-04
3584,22144,2022-01-29
1831,6765,2022-06-06
3483,22052,2022-03-24
786,25681,2022-01-05
3756,20356,2021-08-20
3593,18260,2021-12-20
2548,22092,2022-02-04
3909,22812,2022-02-22
574,1901,2022-01-22
2422,19951,2022-04-27
1742,24580,2021-10-13
2998,13067,2022-03-30
3070,13663,2022-03-04
3564,19941,2021-08-16
3030,21103,2022-04-06
781,23583,2021-11-29
1173,3781,2021-12-24
578,25190,2022-04-17
1178,3784,2022-02-02
1262,10221,2021-10-26
2828,12172,2022-07-14
112,6285,2022-02-19
2732,11588,2022-05-19
3498,29410,2022-04-11
1527,10098,2021-12-13
757,2479,2021-12-03
551,1804,2022-02-15
2870,12437,2021-11-05
1640,5707,2021-12-11
3041,14973,2021-11-12
3130,22733,2022-03-19
2063,14445,2021-12-04
3298,23081,2021-09-12
3521,17618,2021-10-08
1792,21096,2022-06-06
1406,17134,2021-08-10
1603,5533,2021-10-21
2231,9906,2021-08-29
3595,18281,2021-10-12
1924,16580,2022-07-24
81,320,2022-06-29
3743,20091,2021-09-02
1902,22425,2022-06-10
2384,9512,2022-02-05
1940,19449,2021-12-29
589,14643,2021-08-28
2677,11155,2021-08-30
1336,6251,2022-03-20
320,8961,2022-05-10
2093,7977,2021-11-29
1008,3253,2021-10-30
2951,16013,2022-05-16
1614,25756,2022-02-06
3457,16739,2022-02-09
2861,24756,2022-01-25
3862,21841,2021-09-10
226,5900,2022-03-23
1355,4547,2022-03-18
3624,18592,2022-03-29
3054,13486,2022-01-12
3807,20843,2021-08-06
3524,21370,2021-12-28
3851,21665,2021-11-29
2721,28239,2021-12-13
2997,13062,2021-12-21
2253,22162,2022-04-05
2046,23465,2022-02-15
2482,28767,2021-12-04
2890,12561,2022-01-19
3278,15227,2022-01-27
2291,8996,2021-10-21
2688,28004,2021-08-28
123,434,2021-10-17
2873,20127,2022-05-29
1731,18284,2021-08-27
2102,8069,2022-03-12
2990,12996,2022-03-24
726,2382,2021-10-20
1483,7555,2022-04-28
3876,22242,2022-03-25
1339,8853,2022-04-02
3277,20970,2021-09-13
3589,18230,2022-04-05
964,10855,2022-04-09
1871,17128,2022-04-03
1901,12281,2022-06-10
3973,26980,2022-04-22
1392,29608,2022-03-17
67,3884,2022-06-03
3159,16314,2022-01-08
196,14976,2022-06-15
2150,27645,2022-05-27
1153,5306,2021-12-27
1933,7234,2022-08-11
1970,27659,2022-02-13
278,26151,2021-12-30
502,25893,2022-04-13
3017,21971,2021-08-07
57,274,2021-10-03
1573,21227,2021-08-18
2656,16139,2022-01-18
917,18657,2021-08-25
2373,9429,2022-02-18
147,17248,2021-09-20
1218,21902,2022-02-11
2962,22729,2022-05-25
1532,5295,2022-04-29
2112,15135,2022-01-16
1076,12734,2021-09-01
1717,26229,2021-09-14
983,3157,2021-12-19
1506,14594,2022-07-12
3099,27510,2022-02-25
2982,12960,2022-04-01
451,1443,2022-04-16
204,706,2021-08-17
670,2170,2022-06-27
3435,20675,2022-05-20
3878,22146,2021-12-15
3032,20219,2022-06-26
592,1962,2021-12-04
1926,7193,2022-05-22
2315,23135,2022-02-18
1275,4287,2022-06-02
119,21222,2022-04-15
1376,4637,2021-09-12
955,3022,2021-08-11
1137,3705,2022-07-06
3239,21523,2022-03-11
1263,18045,2021-10-26
2524,11539,2022-08-12
1349,4513,2022-02-01
1837,28776,2021-12-19
2618,28627,2022-06-12
3368,21120,2022-06-13
3305,29808,2022-06-13
541,9732,2022-05-21
2856,24785,2022-03-09
3786,20647,2021-12-16
2884,12545,2021-09-08
2271,8869,2021-07-30
3657,19532,2022-02-15
1448,4914,2022-02-05
2615,22426,2022-02-24
1390,4672,2022-03-17
1987,26495,2022-06-09
1767,20084,2021-12-31
3363,15879,2022-03-06
3005,13118,2022-03-05
3157,26211,2021-10-18
458,1488,2021-09-27
3898,27568,2021-11-21
3763,20411,2022-05-31
3899,28685,2021-11-21
1721,6247,2022-04-14
654,2097,2021-09-06
1769,9362,2022-02-04
1833,22702,2022-06-06
2921,25829,2022-02-24
826,2681,2022-06-18
3962,24346,2022-05-13
1095,3520,2022-03-05
607,26474,2021-12-06
561,23541,2022-03-09
1865,10668,2022-04-28
3106,13938,2021-11-22
3955,25150,2021-12-08
1289,4339,2022-01-08
2155,20110,2021-12-01
1033,3326,2021-10-25
3627,18613,2022-05-21
2221,8649,2022-01-15
3499,17292,2022-04-08
3274,16890,2022-06-26
634,27898,2022-01-18
